[{"model": "admin.logentry", "pk": 1, "fields": {"action_time": "2021-10-09T13:13:33.767Z", "user": 1, "content_type": 14, "object_id": "1", "object_repr": "SLY & THE FAMILY STONE", "action_flag": 2, "change_message": "[{\"changed\": {\"fields\": [\"Image\"]}}]"}}, {"model": "admin.logentry", "pk": 2, "fields": {"action_time": "2021-10-09T13:28:41.451Z", "user": 1, "content_type": 14, "object_id": "1", "object_repr": "SLY & THE FAMILY STONE", "action_flag": 2, "change_message": "[]"}}, {"model": "admin.logentry", "pk": 3, "fields": {"action_time": "2021-10-09T13:38:19.843Z", "user": 1, "content_type": 14, "object_id": "1", "object_repr": "SLY & THE FAMILY STONE", "action_flag": 2, "change_message": "[]"}}, {"model": "admin.logentry", "pk": 4, "fields": {"action_time": "2021-10-12T14:30:04.349Z", "user": 1, "content_type": 14, "object_id": "2", "object_repr": "VARIOUS ARTISTS", "action_flag": 1, "change_message": "[{\"added\": {}}]"}}, {"model": "admin.logentry", "pk": 5, "fields": {"action_time": "2021-10-12T15:17:57.311Z", "user": 1, "content_type": 13, "object_id": "8", "object_repr": "back_in_stock_rock_indie", "action_flag": 2, "change_message": "[{\"changed\": {\"fields\": [\"Friendly name\"]}}]"}}, {"model": "admin.logentry", "pk": 6, "fields": {"action_time": "2021-10-12T15:18:08.582Z", "user": 1, "content_type": 13, "object_id": "12", "object_repr": "pre_orders_rock_indie", "action_flag": 2, "change_message": "[{\"changed\": {\"fields\": [\"Friendly name\"]}}]"}}, {"model": "admin.logentry", "pk": 7, "fields": {"action_time": "2021-10-12T15:18:14.881Z", "user": 1, "content_type": 13, "object_id": "11", "object_repr": "pre_orders_hip_hop", "action_flag": 2, "change_message": "[{\"changed\": {\"fields\": [\"Friendly name\"]}}]"}}, {"model": "admin.logentry", "pk": 8, "fields": {"action_time": "2021-10-12T15:18:19.853Z", "user": 1, "content_type": 13, "object_id": "10", "object_repr": "pre_orders_electronic", "action_flag": 2, "change_message": "[{\"changed\": {\"fields\": [\"Friendly name\"]}}]"}}, {"model": "admin.logentry", "pk": 9, "fields": {"action_time": "2021-10-12T15:18:31.463Z", "user": 1, "content_type": 13, "object_id": "9", "object_repr": "pre_orders_funk_soul_jazz", "action_flag": 2, "change_message": "[{\"changed\": {\"fields\": [\"Friendly name\"]}}]"}}, {"model": "admin.logentry", "pk": 10, "fields": {"action_time": "2021-10-12T15:18:36.902Z", "user": 1, "content_type": 13, "object_id": "8", "object_repr": "back_in_stock_rock_indie", "action_flag": 2, "change_message": "[]"}}, {"model": "admin.logentry", "pk": 11, "fields": {"action_time": "2021-10-12T15:18:41.729Z", "user": 1, "content_type": 13, "object_id": "7", "object_repr": "back_in_stock_hip_hop", "action_flag": 2, "change_message": "[{\"changed\": {\"fields\": [\"Friendly name\"]}}]"}}, {"model": "admin.logentry", "pk": 12, "fields": {"action_time": "2021-10-12T15:18:52.212Z", "user": 1, "content_type": 13, "object_id": "6", "object_repr": "back_in_stock_electronic", "action_flag": 2, "change_message": "[{\"changed\": {\"fields\": [\"Friendly name\"]}}]"}}, {"model": "admin.logentry", "pk": 13, "fields": {"action_time": "2021-10-12T15:18:57.576Z", "user": 1, "content_type": 13, "object_id": "5", "object_repr": "back_in_stock_funk_soul_jazz", "action_flag": 2, "change_message": "[{\"changed\": {\"fields\": [\"Friendly name\"]}}]"}}, {"model": "admin.logentry", "pk": 14, "fields": {"action_time": "2021-10-12T15:19:05.268Z", "user": 1, "content_type": 13, "object_id": "4", "object_repr": "new_releases_rock_indie", "action_flag": 2, "change_message": "[{\"changed\": {\"fields\": [\"Friendly name\"]}}]"}}, {"model": "admin.logentry", "pk": 15, "fields": {"action_time": "2021-10-12T15:19:10.322Z", "user": 1, "content_type": 13, "object_id": "3", "object_repr": "new_releases_hip_hop", "action_flag": 2, "change_message": "[{\"changed\": {\"fields\": [\"Friendly name\"]}}]"}}, {"model": "admin.logentry", "pk": 16, "fields": {"action_time": "2021-10-12T15:19:14.986Z", "user": 1, "content_type": 13, "object_id": "2", "object_repr": "new_releases_electronic", "action_flag": 2, "change_message": "[{\"changed\": {\"fields\": [\"Friendly name\"]}}]"}}, {"model": "admin.logentry", "pk": 17, "fields": {"action_time": "2021-10-12T15:19:19.763Z", "user": 1, "content_type": 13, "object_id": "1", "object_repr": "new_releases_funk_soul_jazz", "action_flag": 2, "change_message": "[{\"changed\": {\"fields\": [\"Friendly name\"]}}]"}}, {"model": "admin.logentry", "pk": 18, "fields": {"action_time": "2021-10-12T15:30:06.087Z", "user": 1, "content_type": 13, "object_id": "12", "object_repr": "pre_orders_rock_indie", "action_flag": 2, "change_message": "[{\"changed\": {\"fields\": [\"Friendly name\"]}}]"}}, {"model": "admin.logentry", "pk": 19, "fields": {"action_time": "2021-10-12T15:30:17.944Z", "user": 1, "content_type": 13, "object_id": "11", "object_repr": "pre_orders_hip_hop", "action_flag": 2, "change_message": "[{\"changed\": {\"fields\": [\"Friendly name\"]}}]"}}, {"model": "admin.logentry", "pk": 20, "fields": {"action_time": "2021-10-12T15:30:28.724Z", "user": 1, "content_type": 13, "object_id": "10", "object_repr": "pre_orders_electronic", "action_flag": 2, "change_message": "[{\"changed\": {\"fields\": [\"Friendly name\"]}}]"}}, {"model": "admin.logentry", "pk": 21, "fields": {"action_time": "2021-10-12T15:30:46.464Z", "user": 1, "content_type": 13, "object_id": "9", "object_repr": "pre_orders_funk_soul_jazz", "action_flag": 2, "change_message": "[{\"changed\": {\"fields\": [\"Friendly name\"]}}]"}}, {"model": "admin.logentry", "pk": 22, "fields": {"action_time": "2021-10-12T15:31:05.165Z", "user": 1, "content_type": 13, "object_id": "8", "object_repr": "back_in_stock_rock_indie", "action_flag": 2, "change_message": "[{\"changed\": {\"fields\": [\"Friendly name\"]}}]"}}, {"model": "admin.logentry", "pk": 23, "fields": {"action_time": "2021-10-12T15:31:19.540Z", "user": 1, "content_type": 13, "object_id": "7", "object_repr": "back_in_stock_hip_hop", "action_flag": 2, "change_message": "[{\"changed\": {\"fields\": [\"Friendly name\"]}}]"}}, {"model": "admin.logentry", "pk": 24, "fields": {"action_time": "2021-10-12T15:31:36.943Z", "user": 1, "content_type": 13, "object_id": "6", "object_repr": "back_in_stock_electronic", "action_flag": 2, "change_message": "[{\"changed\": {\"fields\": [\"Friendly name\"]}}]"}}, {"model": "admin.logentry", "pk": 25, "fields": {"action_time": "2021-10-12T15:32:14.781Z", "user": 1, "content_type": 13, "object_id": "5", "object_repr": "back_in_stock_funk_soul_jazz", "action_flag": 2, "change_message": "[{\"changed\": {\"fields\": [\"Friendly name\"]}}]"}}, {"model": "admin.logentry", "pk": 26, "fields": {"action_time": "2021-10-12T15:33:17.792Z", "user": 1, "content_type": 13, "object_id": "4", "object_repr": "new_releases_rock_indie", "action_flag": 2, "change_message": "[{\"changed\": {\"fields\": [\"Friendly name\"]}}]"}}, {"model": "admin.logentry", "pk": 27, "fields": {"action_time": "2021-10-12T15:33:29.017Z", "user": 1, "content_type": 13, "object_id": "3", "object_repr": "new_releases_hip_hop", "action_flag": 2, "change_message": "[{\"changed\": {\"fields\": [\"Friendly name\"]}}]"}}, {"model": "admin.logentry", "pk": 28, "fields": {"action_time": "2021-10-12T15:33:52.360Z", "user": 1, "content_type": 13, "object_id": "2", "object_repr": "new_releases_electronic", "action_flag": 2, "change_message": "[{\"changed\": {\"fields\": [\"Friendly name\"]}}]"}}, {"model": "admin.logentry", "pk": 29, "fields": {"action_time": "2021-10-12T15:34:08.796Z", "user": 1, "content_type": 13, "object_id": "1", "object_repr": "new_releases_funk_soul_jazz", "action_flag": 2, "change_message": "[{\"changed\": {\"fields\": [\"Friendly name\"]}}]"}}, {"model": "admin.logentry", "pk": 30, "fields": {"action_time": "2021-10-12T15:38:23.516Z", "user": 1, "content_type": 14, "object_id": "2", "object_repr": "VARIOUS ARTISTS", "action_flag": 2, "change_message": "[{\"changed\": {\"fields\": [\"Image url\"]}}]"}}, {"model": "admin.logentry", "pk": 31, "fields": {"action_time": "2021-10-24T11:55:17.169Z", "user": 1, "content_type": 16, "object_id": "3", "object_repr": "86CB4E93262E4665AB86C7F9B56F2276", "action_flag": 2, "change_message": "[{\"changed\": {\"name\": \"order line item\", \"object\": \"SKU SR123457 on order 86CB4E93262E4665AB86C7F9B56F2276\", \"fields\": [\"Product format\", \"Quantity\"]}}]"}}, {"model": "admin.logentry", "pk": 32, "fields": {"action_time": "2021-10-24T11:57:09.164Z", "user": 1, "content_type": 16, "object_id": "3", "object_repr": "86CB4E93262E4665AB86C7F9B56F2276", "action_flag": 2, "change_message": "[{\"changed\": {\"name\": \"order line item\", \"object\": \"SKU SR123457 on order 86CB4E93262E4665AB86C7F9B56F2276\", \"fields\": [\"Quantity\"]}}]"}}, {"model": "admin.logentry", "pk": 33, "fields": {"action_time": "2021-10-25T17:03:05.743Z", "user": 3, "content_type": 14, "object_id": "3", "object_repr": "Mark Wilkinson", "action_flag": 3, "change_message": ""}}, {"model": "admin.logentry", "pk": 34, "fields": {"action_time": "2021-10-25T17:03:05.778Z", "user": 3, "content_type": 14, "object_id": "4", "object_repr": "sdfasddfa", "action_flag": 3, "change_message": ""}}, {"model": "admin.logentry", "pk": 35, "fields": {"action_time": "2021-10-26T11:41:47.244Z", "user": 3, "content_type": 8, "object_id": "1", "object_repr": "markwilkinson_2010@hotmail.co.uk", "action_flag": 2, "change_message": "[{\"changed\": {\"fields\": [\"Verified\"]}}]"}}, {"model": "admin.logentry", "pk": 36, "fields": {"action_time": "2021-10-26T11:42:03.566Z", "user": 3, "content_type": 8, "object_id": "1", "object_repr": "markwilkinson_2010@hotmail.co.uk", "action_flag": 2, "change_message": "[{\"changed\": {\"fields\": [\"Primary\"]}}]"}}, {"model": "admin.logentry", "pk": 37, "fields": {"action_time": "2021-10-26T14:04:26.819Z", "user": 3, "content_type": 14, "object_id": "10", "object_repr": "ART BLAKEY & THE JAZZ MESSENGERS", "action_flag": 1, "change_message": "[{\"added\": {}}]"}}, {"model": "admin.logentry", "pk": 38, "fields": {"action_time": "2021-10-26T14:55:18.910Z", "user": 3, "content_type": 14, "object_id": "10", "object_repr": "ART BLAKEY & THE JAZZ MESSENGERS", "action_flag": 2, "change_message": "[{\"changed\": {\"fields\": [\"Track list1\", \"Track list2\", \"Track list3\", \"Track list4\"]}}]"}}, {"model": "admin.logentry", "pk": 39, "fields": {"action_time": "2021-10-26T14:56:17.788Z", "user": 3, "content_type": 14, "object_id": "10", "object_repr": "ART BLAKEY & THE JAZZ MESSENGERS", "action_flag": 2, "change_message": "[{\"changed\": {\"fields\": [\"Track list1\", \"Track list2\", \"Track list3\", \"Track list4\"]}}]"}}, {"model": "admin.logentry", "pk": 40, "fields": {"action_time": "2021-10-26T15:17:47.773Z", "user": 3, "content_type": 14, "object_id": "1", "object_repr": "SLY & THE FAMILY STONE", "action_flag": 2, "change_message": "[{\"changed\": {\"fields\": [\"Has formats\"]}}]"}}, {"model": "admin.logentry", "pk": 41, "fields": {"action_time": "2021-10-26T15:18:12.771Z", "user": 3, "content_type": 14, "object_id": "2", "object_repr": "VARIOUS ARTISTS", "action_flag": 2, "change_message": "[]"}}, {"model": "admin.logentry", "pk": 42, "fields": {"action_time": "2021-10-26T15:21:56.722Z", "user": 3, "content_type": 14, "object_id": "11", "object_repr": "VARIOUS ARTISTS", "action_flag": 1, "change_message": "[{\"added\": {}}]"}}, {"model": "admin.logentry", "pk": 43, "fields": {"action_time": "2021-10-26T15:24:42.621Z", "user": 3, "content_type": 14, "object_id": "1", "object_repr": "SLY & THE FAMILY STONE", "action_flag": 2, "change_message": "[{\"changed\": {\"fields\": [\"Image\"]}}]"}}, {"model": "admin.logentry", "pk": 44, "fields": {"action_time": "2021-10-26T15:29:19.651Z", "user": 3, "content_type": 14, "object_id": "12", "object_repr": "MARTIN FREEMAN / EDDIE PILLER", "action_flag": 1, "change_message": "[{\"added\": {}}]"}}, {"model": "admin.logentry", "pk": 45, "fields": {"action_time": "2021-10-26T15:32:49.010Z", "user": 3, "content_type": 14, "object_id": "13", "object_repr": "OK JAZZ / KO JAZZ", "action_flag": 1, "change_message": "[{\"added\": {}}]"}}, {"model": "admin.logentry", "pk": 46, "fields": {"action_time": "2021-10-26T16:24:05.418Z", "user": 3, "content_type": 14, "object_id": "11", "object_repr": "VARIOUS ARTISTS", "action_flag": 2, "change_message": "[]"}}, {"model": "admin.logentry", "pk": 47, "fields": {"action_time": "2021-10-26T16:54:50.243Z", "user": 3, "content_type": 14, "object_id": "14", "object_repr": "VARIOUS ARTISTS", "action_flag": 1, "change_message": "[{\"added\": {}}]"}}, {"model": "admin.logentry", "pk": 48, "fields": {"action_time": "2021-10-26T18:14:04.363Z", "user": 3, "content_type": 14, "object_id": "15", "object_repr": "VARIOUS ARTISTS", "action_flag": 1, "change_message": "[{\"added\": {}}]"}}, {"model": "admin.logentry", "pk": 49, "fields": {"action_time": "2021-10-26T18:16:59.620Z", "user": 3, "content_type": 14, "object_id": "16", "object_repr": "JAI DEE", "action_flag": 1, "change_message": "[{\"added\": {}}]"}}, {"model": "admin.logentry", "pk": 50, "fields": {"action_time": "2021-10-26T18:20:23.056Z", "user": 3, "content_type": 14, "object_id": "17", "object_repr": "NICOLAS DUQUE", "action_flag": 1, "change_message": "[{\"added\": {}}]"}}, {"model": "admin.logentry", "pk": 51, "fields": {"action_time": "2021-10-26T18:42:18.415Z", "user": 3, "content_type": 14, "object_id": "18", "object_repr": "JAMES NEWTON", "action_flag": 1, "change_message": "[{\"added\": {}}]"}}, {"model": "admin.logentry", "pk": 52, "fields": {"action_time": "2021-10-26T21:58:29.955Z", "user": 3, "content_type": 14, "object_id": "19", "object_repr": "PPU Slipmats (Pair)", "action_flag": 1, "change_message": "[{\"added\": {}}]"}}, {"model": "admin.logentry", "pk": 53, "fields": {"action_time": "2021-10-27T09:19:11.852Z", "user": 3, "content_type": 13, "object_id": "19", "object_repr": "cartridges", "action_flag": 3, "change_message": ""}}, {"model": "admin.logentry", "pk": 54, "fields": {"action_time": "2021-10-27T09:19:14.901Z", "user": 3, "content_type": 13, "object_id": "18", "object_repr": "vinyl_cleaning", "action_flag": 3, "change_message": ""}}, {"model": "admin.logentry", "pk": 55, "fields": {"action_time": "2021-10-27T09:19:17.836Z", "user": 3, "content_type": 13, "object_id": "17", "object_repr": "record_bags", "action_flag": 3, "change_message": ""}}, {"model": "admin.logentry", "pk": 56, "fields": {"action_time": "2021-10-27T09:19:20.512Z", "user": 3, "content_type": 13, "object_id": "16", "object_repr": "head_phones", "action_flag": 3, "change_message": ""}}, {"model": "admin.logentry", "pk": 57, "fields": {"action_time": "2021-10-27T09:19:25.066Z", "user": 3, "content_type": 13, "object_id": "15", "object_repr": "books", "action_flag": 3, "change_message": ""}}, {"model": "admin.logentry", "pk": 58, "fields": {"action_time": "2021-10-27T09:19:27.564Z", "user": 3, "content_type": 13, "object_id": "14", "object_repr": "clothing", "action_flag": 3, "change_message": ""}}, {"model": "admin.logentry", "pk": 59, "fields": {"action_time": "2021-10-27T09:19:35.092Z", "user": 3, "content_type": 13, "object_id": "13", "object_repr": "slip_mats", "action_flag": 3, "change_message": ""}}, {"model": "admin.logentry", "pk": 60, "fields": {"action_time": "2021-10-27T09:20:03.751Z", "user": 3, "content_type": 13, "object_id": "20", "object_repr": "merchandise_products", "action_flag": 1, "change_message": "[{\"added\": {}}]"}}, {"model": "admin.logentry", "pk": 61, "fields": {"action_time": "2021-10-27T09:20:42.749Z", "user": 3, "content_type": 13, "object_id": "21", "object_repr": "equipment_products", "action_flag": 1, "change_message": "[{\"added\": {}}]"}}, {"model": "admin.logentry", "pk": 62, "fields": {"action_time": "2021-10-27T09:27:01.008Z", "user": 3, "content_type": 14, "object_id": "19", "object_repr": "PPU Slipmats (Pair)", "action_flag": 2, "change_message": "[{\"changed\": {\"fields\": [\"Category\"]}}]"}}, {"model": "admin.logentry", "pk": 63, "fields": {"action_time": "2021-10-27T09:35:15.057Z", "user": 3, "content_type": 14, "object_id": "19", "object_repr": "PPU Slipmats (Pair)", "action_flag": 2, "change_message": "[{\"changed\": {\"fields\": [\"Category\"]}}]"}}, {"model": "admin.logentry", "pk": 64, "fields": {"action_time": "2021-10-27T09:35:49.138Z", "user": 3, "content_type": 13, "object_id": "14", "object_repr": "merchandise_products", "action_flag": 3, "change_message": ""}}, {"model": "admin.logentry", "pk": 65, "fields": {"action_time": "2021-10-27T09:35:58.786Z", "user": 3, "content_type": 13, "object_id": "13", "object_repr": "equipment_products", "action_flag": 3, "change_message": ""}}, {"model": "admin.logentry", "pk": 66, "fields": {"action_time": "2021-10-27T09:36:36.266Z", "user": 3, "content_type": 14, "object_id": "19", "object_repr": "PPU Slipmats (Pair)", "action_flag": 2, "change_message": "[{\"changed\": {\"fields\": [\"Category\"]}}]"}}, {"model": "admin.logentry", "pk": 67, "fields": {"action_time": "2021-10-27T09:41:32.034Z", "user": 3, "content_type": 14, "object_id": "20", "object_repr": "PPU Slipmats (Pair)", "action_flag": 1, "change_message": "[{\"added\": {}}]"}}, {"model": "admin.logentry", "pk": 68, "fields": {"action_time": "2021-10-27T09:43:48.341Z", "user": 3, "content_type": 13, "object_id": "21", "object_repr": "equipment_products", "action_flag": 3, "change_message": ""}}, {"model": "admin.logentry", "pk": 69, "fields": {"action_time": "2021-10-27T09:44:06.524Z", "user": 3, "content_type": 13, "object_id": "20", "object_repr": "merchandise_products", "action_flag": 3, "change_message": ""}}, {"model": "admin.logentry", "pk": 70, "fields": {"action_time": "2021-10-27T09:45:09.036Z", "user": 3, "content_type": 14, "object_id": "20", "object_repr": "PPU Slipmats (Pair)", "action_flag": 2, "change_message": "[{\"changed\": {\"fields\": [\"Category\"]}}]"}}, {"model": "admin.logentry", "pk": 71, "fields": {"action_time": "2021-10-27T10:10:05.723Z", "user": 3, "content_type": 14, "object_id": "20", "object_repr": "PPU Slipmats (Pair)", "action_flag": 2, "change_message": "[{\"changed\": {\"fields\": [\"Genre\"]}}]"}}, {"model": "admin.logentry", "pk": 72, "fields": {"action_time": "2021-10-27T10:13:23.628Z", "user": 3, "content_type": 14, "object_id": "21", "object_repr": "Spincare Vinyl Cleaning Kit", "action_flag": 1, "change_message": "[{\"added\": {}}]"}}, {"model": "admin.logentry", "pk": 73, "fields": {"action_time": "2021-10-27T10:14:21.416Z", "user": 3, "content_type": 14, "object_id": "21", "object_repr": "Spincare Vinyl Cleaning Kit", "action_flag": 2, "change_message": "[{\"changed\": {\"fields\": [\"Category\"]}}]"}}, {"model": "admin.logentry", "pk": 74, "fields": {"action_time": "2021-10-27T10:19:04.484Z", "user": 3, "content_type": 14, "object_id": "22", "object_repr": "The Book of Drexciya Vol.2 (Softcover)", "action_flag": 1, "change_message": "[{\"added\": {}}]"}}, {"model": "admin.logentry", "pk": 75, "fields": {"action_time": "2021-10-27T10:21:13.695Z", "user": 3, "content_type": 14, "object_id": "23", "object_repr": "The Label Machine Book", "action_flag": 1, "change_message": "[{\"added\": {}}]"}}, {"model": "admin.logentry", "pk": 76, "fields": {"action_time": "2021-10-27T10:26:36.615Z", "user": 3, "content_type": 14, "object_id": "24", "object_repr": "Chateau Vinyl Record Bag Black", "action_flag": 1, "change_message": "[{\"added\": {}}]"}}, {"model": "admin.logentry", "pk": 77, "fields": {"action_time": "2021-10-27T10:29:30.332Z", "user": 3, "content_type": 14, "object_id": "25", "object_repr": "7 inch Record Box 50 Silver", "action_flag": 1, "change_message": "[{\"added\": {}}]"}}, {"model": "admin.logentry", "pk": 78, "fields": {"action_time": "2021-10-27T10:33:44.160Z", "user": 3, "content_type": 14, "object_id": "26", "object_repr": "UDG Sling Bag Trolley Deluxe Black", "action_flag": 1, "change_message": "[{\"added\": {}}]"}}, {"model": "admin.logentry", "pk": 79, "fields": {"action_time": "2021-10-27T10:34:37.527Z", "user": 3, "content_type": 14, "object_id": "26", "object_repr": "UDG Sling Bag Trolley Deluxe Black", "action_flag": 2, "change_message": "[]"}}, {"model": "admin.logentry", "pk": 80, "fields": {"action_time": "2021-10-27T10:36:10.262Z", "user": 3, "content_type": 14, "object_id": "26", "object_repr": "UDG Sling Bag Trolley Deluxe Black", "action_flag": 2, "change_message": "[{\"changed\": {\"fields\": [\"Image\"]}}]"}}, {"model": "admin.logentry", "pk": 81, "fields": {"action_time": "2021-10-27T10:58:34.280Z", "user": 3, "content_type": 14, "object_id": "27", "object_repr": "UDG Courier Bag Black", "action_flag": 1, "change_message": "[{\"added\": {}}]"}}, {"model": "admin.logentry", "pk": 82, "fields": {"action_time": "2021-10-27T11:05:48.678Z", "user": 3, "content_type": 14, "object_id": "28", "object_repr": "Rega P1 Plus Turntable (Matt White)", "action_flag": 1, "change_message": "[{\"added\": {}}]"}}, {"model": "admin.logentry", "pk": 83, "fields": {"action_time": "2021-10-27T11:07:34.599Z", "user": 3, "content_type": 14, "object_id": "29", "object_repr": "Reloop Black Stylus (For Concorde Black)", "action_flag": 1, "change_message": "[{\"added\": {}}]"}}, {"model": "admin.logentry", "pk": 84, "fields": {"action_time": "2021-10-27T11:09:42.813Z", "user": 3, "content_type": 14, "object_id": "30", "object_repr": "TMA-2 DJ Preset Headphones", "action_flag": 1, "change_message": "[{\"added\": {}}]"}}, {"model": "admin.logentry", "pk": 85, "fields": {"action_time": "2021-10-27T11:12:00.417Z", "user": 3, "content_type": 14, "object_id": "31", "object_repr": "Radius Four Valve Mixer (Black)", "action_flag": 1, "change_message": "[{\"added\": {}}]"}}, {"model": "admin.logentry", "pk": 86, "fields": {"action_time": "2021-10-27T11:13:53.732Z", "user": 3, "content_type": 14, "object_id": "32", "object_repr": "FX (Silver)", "action_flag": 1, "change_message": "[{\"added\": {}}]"}}, {"model": "admin.logentry", "pk": 87, "fields": {"action_time": "2021-10-27T11:14:05.329Z", "user": 3, "content_type": 14, "object_id": "31", "object_repr": "Radius Four Valve Mixer (Black)", "action_flag": 2, "change_message": "[{\"changed\": {\"fields\": [\"Rating\"]}}]"}}, {"model": "admin.logentry", "pk": 88, "fields": {"action_time": "2021-10-27T11:18:21.290Z", "user": 3, "content_type": 14, "object_id": "33", "object_repr": "Vinyl Record Cleaning Kit", "action_flag": 1, "change_message": "[{\"added\": {}}]"}}, {"model": "admin.logentry", "pk": 89, "fields": {"action_time": "2021-10-27T11:20:09.130Z", "user": 3, "content_type": 14, "object_id": "34", "object_repr": "Near Mint 360 Cleaning Solution", "action_flag": 1, "change_message": "[{\"added\": {}}]"}}, {"model": "admin.logentry", "pk": 90, "fields": {"action_time": "2021-10-27T11:27:43.172Z", "user": 3, "content_type": 14, "object_id": "35", "object_repr": "REESE / SCHEMATICS / DWAYNE JENSEN", "action_flag": 1, "change_message": "[{\"added\": {}}]"}}, {"model": "admin.logentry", "pk": 91, "fields": {"action_time": "2021-10-27T11:31:38.518Z", "user": 3, "content_type": 14, "object_id": "36", "object_repr": "Space Funk: Afro-Futurist", "action_flag": 1, "change_message": "[{\"added\": {}}]"}}, {"model": "admin.logentry", "pk": 92, "fields": {"action_time": "2021-10-27T11:33:54.407Z", "user": 3, "content_type": 14, "object_id": "37", "object_repr": "Broxburn Funk LP", "action_flag": 1, "change_message": "[{\"added\": {}}]"}}, {"model": "admin.logentry", "pk": 93, "fields": {"action_time": "2021-10-27T11:36:25.726Z", "user": 3, "content_type": 14, "object_id": "38", "object_repr": "Edo Funk Explosion Vol. 1", "action_flag": 1, "change_message": "[{\"added\": {}}]"}}, {"model": "admin.logentry", "pk": 94, "fields": {"action_time": "2021-10-27T11:40:10.298Z", "user": 3, "content_type": 14, "object_id": "39", "object_repr": "Sampled Funk LP", "action_flag": 1, "change_message": "[{\"added\": {}}]"}}, {"model": "admin.logentry", "pk": 95, "fields": {"action_time": "2021-10-27T11:43:28.396Z", "user": 3, "content_type": 14, "object_id": "40", "object_repr": "Loft Classics Volume 11", "action_flag": 1, "change_message": "[{\"added\": {}}]"}}, {"model": "admin.logentry", "pk": 96, "fields": {"action_time": "2021-10-27T11:47:05.048Z", "user": 3, "content_type": 14, "object_id": "41", "object_repr": "7 Weapons Series", "action_flag": 1, "change_message": "[{\"added\": {}}]"}}, {"model": "admin.logentry", "pk": 97, "fields": {"action_time": "2021-10-27T11:49:42.771Z", "user": 3, "content_type": 14, "object_id": "42", "object_repr": "ZEROZEROZERO LP (RSD 2021)", "action_flag": 1, "change_message": "[{\"added\": {}}]"}}, {"model": "admin.logentry", "pk": 98, "fields": {"action_time": "2021-10-27T11:55:08.378Z", "user": 3, "content_type": 14, "object_id": "43", "object_repr": "Jazz N Palms Mixtape Vol. 1 Cassette", "action_flag": 1, "change_message": "[{\"added\": {}}]"}}, {"model": "admin.logentry", "pk": 99, "fields": {"action_time": "2021-10-27T11:57:07.963Z", "user": 3, "content_type": 14, "object_id": "44", "object_repr": "Jazz Is Dead 9: Instrumentals", "action_flag": 1, "change_message": "[{\"added\": {}}]"}}, {"model": "admin.logentry", "pk": 100, "fields": {"action_time": "2021-10-27T11:59:13.960Z", "user": 3, "content_type": 14, "object_id": "45", "object_repr": "Hot Like Jam / Very First Time", "action_flag": 1, "change_message": "[{\"added\": {}}]"}}, {"model": "admin.logentry", "pk": 101, "fields": {"action_time": "2021-10-27T12:01:24.168Z", "user": 3, "content_type": 14, "object_id": "46", "object_repr": "CELL OUT / SLEEPER CELL", "action_flag": 1, "change_message": "[{\"added\": {}}]"}}, {"model": "admin.logentry", "pk": 102, "fields": {"action_time": "2021-10-27T12:03:54.874Z", "user": 3, "content_type": 14, "object_id": "47", "object_repr": "THE SOPHISTICATIONS", "action_flag": 1, "change_message": "[{\"added\": {}}]"}}, {"model": "admin.logentry", "pk": 103, "fields": {"action_time": "2021-10-27T12:07:07.884Z", "user": 3, "content_type": 14, "object_id": "48", "object_repr": "Brazil Classics 5: The Hips of Tradition LP", "action_flag": 1, "change_message": "[{\"added\": {}}]"}}, {"model": "admin.logentry", "pk": 104, "fields": {"action_time": "2021-10-27T12:13:51.334Z", "user": 3, "content_type": 14, "object_id": "49", "object_repr": "Ciao Italia Generazioni Underground - Bonus EP Due", "action_flag": 1, "change_message": "[{\"added\": {}}]"}}, {"model": "admin.logentry", "pk": 105, "fields": {"action_time": "2021-10-27T12:18:18.407Z", "user": 3, "content_type": 14, "object_id": "50", "object_repr": "FELA KUTI", "action_flag": 1, "change_message": "[{\"added\": {}}]"}}, {"model": "admin.logentry", "pk": 106, "fields": {"action_time": "2021-10-27T12:21:25.995Z", "user": 3, "content_type": 14, "object_id": "51", "object_repr": "Unseen Series II", "action_flag": 1, "change_message": "[{\"added\": {}}]"}}, {"model": "admin.logentry", "pk": 107, "fields": {"action_time": "2021-10-27T12:23:37.532Z", "user": 3, "content_type": 14, "object_id": "52", "object_repr": "Ear Clip Series Volume 1", "action_flag": 1, "change_message": "[{\"added\": {}}]"}}, {"model": "admin.logentry", "pk": 108, "fields": {"action_time": "2021-10-27T12:25:50.048Z", "user": 3, "content_type": 14, "object_id": "53", "object_repr": "VAUGHAN MASON AND CREW", "action_flag": 1, "change_message": "[{\"added\": {}}]"}}, {"model": "admin.logentry", "pk": 109, "fields": {"action_time": "2021-10-27T12:27:41.524Z", "user": 3, "content_type": 14, "object_id": "54", "object_repr": "Midnight Rock's Secret Tapes LP", "action_flag": 1, "change_message": "[{\"added\": {}}]"}}, {"model": "admin.logentry", "pk": 110, "fields": {"action_time": "2021-10-28T08:45:37.788Z", "user": 3, "content_type": 8, "object_id": "5", "object_repr": "mark@hotmail.com", "action_flag": 2, "change_message": "[{\"changed\": {\"fields\": [\"Verified\"]}}]"}}, {"model": "admin.logentry", "pk": 111, "fields": {"action_time": "2021-10-29T09:53:42.448Z", "user": 3, "content_type": 8, "object_id": "5", "object_repr": "mark@hotmail.com", "action_flag": 2, "change_message": "[{\"changed\": {\"fields\": [\"Primary\"]}}]"}}, {"model": "auth.user", "pk": 1, "fields": {"password": "pbkdf2_sha256$260000$eO6FuFVnAoZbntyZdjLjUD$APISbqJ+zfV7JX/14HqSbtNqovl3hFnPDyH2ehTHmhc=", "last_login": "2021-10-26T13:58:49.181Z", "is_superuser": true, "username": "wilko90", "first_name": "", "last_name": "", "email": "markwilkinson_2010@hotmail.co.uk", "is_staff": true, "is_active": true, "date_joined": "2021-10-09T13:03:53.599Z", "groups": [], "user_permissions": []}}, {"model": "auth.user", "pk": 2, "fields": {"password": "pbkdf2_sha256$260000$gfZPaC2l4nmYMJtT5zfhdh$pxAO6+tx09BM7EmuXCZ3LzeBQ/nLmOiP5HTUubffRxA=", "last_login": "2021-10-25T13:34:58.555Z", "is_superuser": false, "username": "test123", "first_name": "", "last_name": "", "email": "test@hotmail.co.uk", "is_staff": false, "is_active": true, "date_joined": "2021-10-25T13:33:16.491Z", "groups": [], "user_permissions": []}}, {"model": "auth.user", "pk": 3, "fields": {"password": "pbkdf2_sha256$260000$qcEyalU5Mz3tOU2rJwDJsF$Xm0M+TTIh8FYlnlaI8hV7qZHzdb9vmVvqMO4y3Ih7rA=", "last_login": "2021-10-29T11:30:43.681Z", "is_superuser": true, "username": "leedsrhinos", "first_name": "", "last_name": "", "email": "mark@hotmail.com", "is_staff": true, "is_active": true, "date_joined": "2021-10-25T17:01:55.811Z", "groups": [], "user_permissions": []}}, {"model": "auth.user", "pk": 4, "fields": {"password": "pbkdf2_sha256$260000$n6hdeDzkcTtshBDfYuzjLD$l40Rhnw4KsDnwdcEydHoiiWdigywhpgsHMdJCP0RFHs=", "last_login": null, "is_superuser": false, "username": "testing1234", "first_name": "", "last_name": "", "email": "yilono1780@ateampc.com", "is_staff": false, "is_active": true, "date_joined": "2021-10-26T12:08:35.826Z", "groups": [], "user_permissions": []}}, {"model": "auth.user", "pk": 5, "fields": {"password": "pbkdf2_sha256$260000$fGrMdMkFEl1odgdEL91QRm$7vpFZqrZEvqVUzUTCNnp6rD2IWLr5BNkyI6BKZT8PeM=", "last_login": null, "is_superuser": false, "username": "test12345", "first_name": "", "last_name": "", "email": "godaj77605@ateampc.com", "is_staff": false, "is_active": true, "date_joined": "2021-10-26T12:24:35.002Z", "groups": [], "user_permissions": []}}, {"model": "auth.user", "pk": 6, "fields": {"password": "pbkdf2_sha256$260000$2BSzEU4tkPqL7ymlMjgixi$/Lid/pqTiaIWexg8olAk1Uz4p8p4/C/3cCN+O7RaRy0=", "last_login": null, "is_superuser": false, "username": "cheese2001", "first_name": "", "last_name": "", "email": "mark_wilkinson2010@hotmail.co.uk", "is_staff": false, "is_active": true, "date_joined": "2021-10-28T20:31:25.090Z", "groups": [], "user_permissions": []}}, {"model": "auth.user", "pk": 7, "fields": {"password": "pbkdf2_sha256$260000$ytWlw1vhLyMgueULYtq04Z$WxericGRxxneEsDZrmBcHfgbDOqRdtUwa106kLQNhyg=", "last_login": null, "is_superuser": true, "username": "wilko900", "first_name": "", "last_name": "", "email": "markwilkinson_2010@hotmail.co.uk", "is_staff": true, "is_active": true, "date_joined": "2021-10-29T08:48:11.325Z", "groups": [], "user_permissions": []}}, {"model": "auth.user", "pk": 8, "fields": {"password": "pbkdf2_sha256$260000$iSChaCnsHSMdrJUclxYBuh$X5hvP3GluVRxW1ZoxhLIZHOwGT2e6uLz1hdy2osHu3A=", "last_login": null, "is_superuser": true, "username": "wilkomark", "first_name": "", "last_name": "", "email": "mark_wilkinson2010@hotmail.co.uk", "is_staff": true, "is_active": true, "date_joined": "2021-10-29T10:24:15.013Z", "groups": [], "user_permissions": []}}, {"model": "sessions.session", "pk": "0ra5j7yu9fs3i7oinyrn6fzvx53crxxn", "fields": {"session_data": ".eJxVjEEOwiAQRe_C2hAojIBL956BMDNUqgaS0q6Md7dNutDtf-_9t4hpXUpce57jxOIitDj9bpjomesO-JHqvUlqdZknlLsiD9rlrXF-XQ_376CkXrbaK2ZAGlBbwmQDBYPBsgqWIKNzoKwh0B6SoQDejXwemNWYIQfaqPh8Ae44OAw:1mZC1C:spK2K4O5vEDaMlum_e9VYTo1dEaGy-DFbvL2BemzRfU", "expire_date": "2021-10-23T13:04:02.486Z"}}, {"model": "sessions.session", "pk": "61pbdwmakb25upihmy3ff6sp0oko87tw", "fields": {"session_data": "e30:1mfKpC:YDzNJ5NWTGJ_ZSdkrnjGz7kM5LuwvlgBcTlV9DEGK44", "expire_date": "2021-11-09T11:41:02.402Z"}}, {"model": "sessions.session", "pk": "7jvf6xknugxgid87626zj98g8guhj1wr", "fields": {"session_data": "e30:1mf3H3:ygfQZf17AGw8sPPqXhNY0kA4Oa7PHU-8MOZkzS9MMiE", "expire_date": "2021-11-08T16:56:37.266Z"}}, {"model": "sessions.session", "pk": "9awdiycwurccm99xr12ma567uq2lz334", "fields": {"session_data": ".eJyFjEEKgCAURO8yaxcZtPEy8qtvfFAD0yDEu6ebts1iFm8eU0HbdpaY7c1JnPBuOZB4mFi8V99aLk4wWKCw0gFTMY-SzOGy62PdmQLlgXY5JFM_0K0p6D9rnlrPC7UYL2c:1mfMyX:rXOCnHvld20uswXw1CzHd24m4smkb_D27z9bbWC2WuA", "expire_date": "2021-11-09T13:58:49.125Z"}}, {"model": "sessions.session", "pk": "9r8w9cdctstxr5nmssvv7l25qld7f3dx", "fields": {"session_data": ".eJxVjEEOwiAQRe_C2hAoU2RcuvcMZIBBqoYmpV0Z7y5NutDte-__t_C0rcVvjRc_JXERRpx-WaD45LqL9KB6n2Wc67pMQe6JPGyTtznx63q0fweFWulrzppNBhsHywGtSpkVaO0ANUdkAKNM7AQt8ng2xMlBb9yIinCAID5f5fc3tA:1mgQ5r:2GUIXbG__yViyAjpjYzF-qMhaMUPFZBc9Ac13kRhZXo", "expire_date": "2021-11-12T11:30:43.756Z"}}, {"model": "sessions.session", "pk": "ds45nwnplr8j10i4engamv0wlnmp9ixb", "fields": {"session_data": ".eJxVjEEOgyAQRe_C2hgQpOKy-56BDDAorUoiuGhM715IXLSz-nn_zT-JhiPP-ki46-DISDhpfpkB-8KtFu4J2xRbG7e8B9NWpb3a1D6iw-V-uX8DM6S5fKNnyL2QtpNolKTOIxWMDUIxtAqF4JTbQpRU2N84oBtEcYZeUVCdMGXUwETGkzAydg1htOaQcU3avLWP-wq5IhemkGEp0qfcFwaHSKw:1mfUSk:IcarPcWroa_v5m-6j2kdZyG2eINxL-TkgyK1KqTZHis", "expire_date": "2021-11-09T21:58:30.101Z"}}, {"model": "sessions.session", "pk": "evevaaga43birvx0ikbknrknczefvlhq", "fields": {"session_data": "e30:1mf3KH:acvBNR5YyG4EXCvl5FDEGNMXWhUf-lPTXZ_mzo4oqRI", "expire_date": "2021-11-08T16:59:57.119Z"}}, {"model": "sessions.session", "pk": "l6ya0qz4nnnf6gpu40g4n675buolc140", "fields": {"session_data": "eyJiYWciOnsiMSI6MzYsIjIiOjI4fX0:1meEc3:HsDz8aNbnF8t1u2BrW5JA9YlOnzXyEtfWx1Ua-GHH0s", "expire_date": "2021-11-06T10:50:55.958Z"}}, {"model": "sessions.session", "pk": "ni5u307ozwnsx7xdgnncupu9psf0ao7b", "fields": {"session_data": "eyJiYWciOnt9fQ:1meLiZ:VQR7GXcnUjaLmTgfb2f3Wnc-NK2gBNnIkgcIDJgLYYc", "expire_date": "2021-11-06T18:26:07.911Z"}}, {"model": "sessions.session", "pk": "oc4li0d5vgzqrwhiw4lbeyjypp9yx8x1", "fields": {"session_data": ".eJxVjrkOgzAQRP9la2QZ8AbsMj3fgPYwRxKBxFEh_j1GokjaeTNPc0BL-za0-xqXdlQIkEP2mzHJO04X0BdN_WxknrZlZHNVzE1X08waP8-7-ycYaB3SuraqyFJw7oTJefEle6fWO8HIVYXWlYJ5jVSKx7rq9FGo2i5i9JJokjL1EA4oILgs3Qx4nl99YTzM:1mdWQo:3_faONTK94ufq-ZiNAipzw7YP3LSixd5LzzfPtu9DdA", "expire_date": "2021-11-04T11:40:22.545Z"}}, {"model": "sessions.session", "pk": "oyxey81ihku9y51r1b580uysbvllsuvl", "fields": {"session_data": ".eJxVjEEOwiAQRe_C2hAoU2RcuvcMZIBBqoYmpV0Z7y5NutDte-__t_C0rcVvjRc_JXERRpx-WaD45LqL9KB6n2Wc67pMQe6JPGyTtznx63q0fweFWulrzppNBhsHywGtSpkVaO0ANUdkAKNM7AQt8ng2xMlBb9yIinCAID5f5fc3tA:1mgOZy:n-mQKzPoFK_8EycmeLNKTFeq0ut_MINIqgyDP3C2Jdc", "expire_date": "2021-11-12T09:53:42.578Z"}}, {"model": "sessions.session", "pk": "sbwvnx1cencibpuictg6pb91nad9nwfw", "fields": {"session_data": ".eJxVjEEOwiAQRe_C2hAoU2RcuvcMZIBBqoYmpV0Z7y5NutDte-__t_C0rcVvjRc_JXERRpx-WaD45LqL9KB6n2Wc67pMQe6JPGyTtznx63q0fweFWulrzppNBhsHywGtSpkVaO0ANUdkAKNM7AQt8ng2xMlBb9yIinCAID5f5fc3tA:1mgPri:G3m-lNDc-Mbm1SnIJJc6EyQX_cIjx105KlDY8UVXOcA", "expire_date": "2021-11-12T11:16:06.820Z"}}, {"model": "sessions.session", "pk": "tpw6ku8g8omk4pdilcf4jtqos5lcm1em", "fields": {"session_data": ".eJxVjDkOgzAURO_y6wix2AFTps8ZrL8YcMIigSki5LsHSzQ0U8x7MwcQ9tAeUKbwwU2bpZ_tlnXCkCrxvQ84QlvEGB9gcQ-D3Te3Wi_QQgG3jpC_bk5APjj3S8bLHFZPWVKyi27ZexE3vi73djDgNpzrJhfRxCUVigmVYVORUZIbxdpRXetcVayLRmPFRjd1J89SJO-cdoZPCvEP28tHxw:1mebp5:9QzvNYHXZ8eQrouVYMiay9RbL1-egPCAhqLtbdf2HCc", "expire_date": "2021-11-07T11:37:55.175Z"}}, {"model": "sites.site", "pk": 1, "fields": {"domain": "example.com", "name": "example.com"}}, {"model": "account.emailaddress", "pk": 1, "fields": {"user": 1, "email": "markwilkinson_2010@hotmail.co.uk", "verified": true, "primary": true}}, {"model": "account.emailaddress", "pk": 2, "fields": {"user": 2, "email": "test@hotmail.co.uk", "verified": true, "primary": true}}, {"model": "account.emailaddress", "pk": 3, "fields": {"user": 4, "email": "yilono1780@ateampc.com", "verified": false, "primary": true}}, {"model": "account.emailaddress", "pk": 4, "fields": {"user": 5, "email": "godaj77605@ateampc.com", "verified": false, "primary": true}}, {"model": "account.emailaddress", "pk": 5, "fields": {"user": 3, "email": "mark@hotmail.com", "verified": true, "primary": true}}, {"model": "account.emailaddress", "pk": 6, "fields": {"user": 6, "email": "mark_wilkinson2010@hotmail.co.uk", "verified": false, "primary": true}}, {"model": "products.category", "pk": 1, "fields": {"name": "new_releases_funk_soul_jazz", "friendly_name": "New Releases Funk Soul & Jazz"}}, {"model": "products.category", "pk": 2, "fields": {"name": "new_releases_electronic", "friendly_name": "New Releases Electronic"}}, {"model": "products.category", "pk": 3, "fields": {"name": "new_releases_hip_hop", "friendly_name": "New Releases Hip Hop"}}, {"model": "products.category", "pk": 4, "fields": {"name": "new_releases_rock_indie", "friendly_name": "New Releases Rock & Indie"}}, {"model": "products.category", "pk": 5, "fields": {"name": "back_in_stock_funk_soul_jazz", "friendly_name": "Back in Stock Funk Soul & Jazz"}}, {"model": "products.category", "pk": 6, "fields": {"name": "back_in_stock_electronic", "friendly_name": "Back in Stock Electronic"}}, {"model": "products.category", "pk": 7, "fields": {"name": "back_in_stock_hip_hop", "friendly_name": "Back in Stock Hip Hop"}}, {"model": "products.category", "pk": 8, "fields": {"name": "back_in_stock_rock_indie", "friendly_name": "Back in Stock Rock & Indie"}}, {"model": "products.category", "pk": 9, "fields": {"name": "pre_orders_funk_soul_jazz", "friendly_name": "Pre Orders Funk Soul & Jazz"}}, {"model": "products.category", "pk": 10, "fields": {"name": "pre_orders_electronic", "friendly_name": "Pre Orders Electronic"}}, {"model": "products.category", "pk": 11, "fields": {"name": "pre_orders_hip_hop", "friendly_name": "Pre Orders Hip Hop"}}, {"model": "products.category", "pk": 12, "fields": {"name": "pre_orders_rock_indie", "friendly_name": "Pre Orders Rock & Indie"}}, {"model": "products.category", "pk": 13, "fields": {"name": "equipment_products", "friendly_name": "Equipment"}}, {"model": "products.category", "pk": 14, "fields": {"name": "merchandise_products", "friendly_name": "Merchandise"}}, {"model": "products.product", "pk": 1, "fields": {"category": 1, "sku": "SR123456", "name": "SLY & THE FAMILY STONE", "label_name": "MUSIC ON VINYL", "description": "Best-Of's don't come much better than this: 20 tracks from one of the superlative bands of all time. Sly Stone's gift as producer and ringleader was to mesh the emerging big-band, good-time funk sound of the late 1960s with an unerring sense of melody, structure and message. The result, on early hits like 'Dance To The Music", "genre": "Funk", "format_size": "12", "has_formats": false, "track_list1": "", "track_list2": "", "track_list3": "", "track_list4": "", "price": "12.99", "rating": "4.60", "image_url": "https://i.ibb.co/JF1sqB7/sly-fam-stone.jpg", "image": "img/products/sly-fam-stone.jpeg"}}, {"model": "products.product", "pk": 11, "fields": {"category": 1, "sku": "SR1234545", "name": "VARIOUS ARTISTS", "label_name": "BBE RECORDS", "description": "In the years following the World War Two, Japan developed one of the most insatiable, dynamic and diverse markets for jazz. For a crucial period of little over a decade - from the late 1960s to the early 1980s - Japanese jazz culture progressed at an astonishing rate, producing an extraordinary array of artists, recordings and record labels that created some of the most forward-thinking and impressive jazz to be committed to tape. This amazing journey is explored on ‘J Jazz’. This compilation from BBE uncovers some of the most sought after and rare material from this period and pulls together key artists who shaped the postwar modern jazz scene in Japan.", "genre": "Jazz", "format_size": null, "has_formats": true, "track_list1": "1.\tKoichi Matsukaze Trio - Earth Mother", "track_list2": "2.\tTohru Aizawa Quartet - Dead Letter", "track_list3": "3.\tTakao Vematsu - White Fire", "track_list4": "4.\tShintaro Quintet - A Blind Man", "price": "37.99", "rating": "3.50", "image_url": "https://i.ibb.co/b5Rh0vt/ea7bd31e89ac6452d3a68b0893d58513.jpg", "image": "ea7bd31e89ac6452d3a68b0893d58513.jpeg"}}, {"model": "products.product", "pk": 12, "fields": {"category": 1, "sku": "SR1234556", "name": "MARTIN FREEMAN / EDDIE PILLER", "label_name": "Jazz On The Corner Two LP", "description": "Following the success of Jazz On The Corner in 2018, Acid Jazz Records are pleased to announce details of a new collection – the nattily titled Jazz on The Corner Two once again sees Acid Jazz affiliate, dedicated music fan and actor Martin Freeman partner up with the label’s head honcho Eddie Piller to presenting an extensive sweep of their favourite tracks as the perfect accompaniment to its predecessor. Intrinsically united by a love of music, no more so than an oeuvre that has enthralled both from an early age, be it music their parents may have passed on to discover the wonders of crate digging as they entered their formative years - Jazz On The Corner Two meanders through those times from the old to the new and back again via a diverse selection of tracks. As Freeman proffers in the album’s sleeve notes, “…going through my records again for things that haven’t appeared on loads of comps (as far as I know of anyway) is a fine excuse to do my favourite thing and pretend it’s work.”", "genre": "Jazz", "format_size": null, "has_formats": false, "track_list1": "1.\tStanley Turrentine - \"The Magilla\" (6-04)", "track_list2": "2.\tNina Simone - \"I'm Gonna Leave You\" (2-17)", "track_list3": "3.\tThe Jazz Crusaders - \"Tough Talk\" (2-38)", "track_list4": "4.\tGene Ammons - \"Jungle Strut\" (5-10)", "price": "19.98", "rating": "4.20", "image_url": "https://i.ibb.co/7nnrd6D/a1b8c3cf60fc3c4907192eb79239f00d.jpg", "image": "a1b8c3cf60fc3c4907192eb79239f00d.jpeg"}}, {"model": "products.product", "pk": 13, "fields": {"category": 1, "sku": "SR12345523243", "name": "OK JAZZ / KO JAZZ", "label_name": "PLANET ILUNGA", "description": "After the double LP compilations Planet Ilunga presents the first record in the new '45 rpm series' on the label. On the A-side we find the traditional song 'Luvumbu Ndoki', modernized and arranged by Franco (O.K. Jazz) in 1966. On the flip side we hear the previously unreleased song 'Ludiata Nangwi' which has its roots in the Situationist International movement.", "genre": "Funk", "format_size": null, "has_formats": true, "track_list1": "1.OK Jazz - Luvumbu Ndoki", "track_list2": "2.\tKO Jazz - Ludiata Nangwi", "track_list3": "", "track_list4": "", "price": "13.99", "rating": "4.30", "image_url": "https://i.ibb.co/ZXQzVJp/a2b1a1919057cf80da3f687d3b5795c0.jpg", "image": "a2b1a1919057cf80da3f687d3b5795c0.jpeg"}}, {"model": "products.product", "pk": 14, "fields": {"category": 1, "sku": "SR123455334", "name": "VARIOUS ARTISTS", "label_name": "J Jazz Volume 3: Deep Modern Jazz From Japan LP", "description": "BBE Music presents J Jazz volume 3, the latest in its definitive compilation series exploring the finest modern jazz from Japan. Since the first volume in February 2018, the J Jazz compilation series has showcased some of the most creative, inspired and sought-after jazz recorded in Japan during a golden period spanning the 1960s to the 1980s. Illustrating the richness and versatility of the composers and musicians on this collection, the music spans a wide yet coherent range of styles: samba, funk fusion, modal, spiritual, post-bop and bossa all combine to present an aural portrait of a jazz scene that was constantly moving and shifting its multiple musical centres of gravity. Mastered at the Grammy-nominated Carvery studio in London, many of the tracks featured are reissued for the first time, including mega-rare private press cuts from the Yasuhiro Kohno Trio, Masaru Imada Trio, and Hideyasu Terakawa Quartet. There’s heavy post modal bop by J Jazz legends Kohsuke Mine and Koichi Matsukaze; samba heat from Tatsuya Nakamura, Hideo Shiraki and Seiichi Nakamura; and funky dance floor energy by Hiroshi Murakami, Ryojiro Furusawa Quartet and Shigeharu Mukai. Selected albums from which the tracks are drawn will be reissued in full as part of the acclaimed BBE Music J Jazz Masterclass Series. Released as a deluxe, heavyweight x3 vinyl set in a gatefold sleeve with obi strip and insert, the collection comes with extensive artist biographies and track information. J Jazz volume 3 is also available in a x2 CD set with three bonus tracks, and selected tracks are available across digital platforms for download and streaming. J Jazz is conceived, compiled and annotated by Tony Higgins and Mike Peden for BBE Music.", "genre": "Funk", "format_size": null, "has_formats": true, "track_list1": "1.\tYasuhiro Kohno Trio & One - \"Song Of Island\"", "track_list2": "1.\tShigeharu Mukai - \"Cumulonimbus\"", "track_list3": "2.\tHideyasu Terakawa Quartet - \"Black Nile\" (feat Hiroshi Fujii)", "track_list4": "2.\tKohsuke Mine - \"Morning Tide\"", "price": "32.99", "rating": "4.20", "image_url": "https://i.ibb.co/sv9JLB3/e5a6edbea7b56388fce9ef7c47473d96.jpg", "image": "e5a6edbea7b56388fce9ef7c47473d96.jpeg"}}, {"model": "products.product", "pk": 15, "fields": {"category": 1, "sku": "SR1234552323", "name": "VARIOUS ARTISTS", "label_name": "WAGRAM", "description": "Fantastic double LP compilation of timeless classics from the Queens of Jazz. A1. Sarah Vaughan - Summertime A2. Billie Holiday - God Bless The Child A3. Betty Carter - I Could Write A Book A4. Julie London - Cry Me A River A5. Chris Connor - Lullaby Of Birdland A6. Peggy Lee - Black Coffee A7. Lena Horne - Stormy Weather A8. Nancy Wilson - I Wish You Love B1. Anita O'Day - Sing, Sing, Sing B2. Shirley Bassey - I've Got You Under My Skin B3. Dinah Washington - What A Difference A Day Makes B4. Etta James - At Last B5. Ella Fitzgerald - My Funny Valentine B6. Della Reese - Whatever Lola Wants B7. Rosemary Clooney & Pérez Prado - Sway (Quien Sera) C1. Doris Day - Keep Smilin', Keep Laughin', Be Happy C2. Nina Simone - My Baby Just Cares For Me C3. Carmen Mcrae & The Dave Brubeck Quartet - Take Five C4. Aretha Franklin - Try A Little Tenderness C5. Shirley Horn - And I Love Him C6. Diana Krall - Straighten Up And Fly Right C7. Cassandra Wilson - Fragile D1. Terez Montcalm - Sweet Dreams D2. Melody Gardot - Baby I'm A Fool D3. Youn Sun Nah - My Favorite Things D4. Stacey Kent - Quiet Nights Of Quiet Stars (Live) D5. Madeleine Peyroux - He's Got Me Goin'", "genre": "Funk", "format_size": null, "has_formats": true, "track_list1": "1.\tSarah Vaughan - \"Summertime\"", "track_list2": "2.\tBillie Holiday - \"God Bless The Child\"", "track_list3": "3.\tBetty Carter - \"I Could Write A Book\"", "track_list4": "4.\tJulie London - \"Cry Me A River\"", "price": "20.00", "rating": "4.20", "image_url": "https://i.ibb.co/brftYdt/fe3ea253631192e24559a5481b62a718.jpg", "image": "fe3ea253631192e24559a5481b62a718.jpeg"}}, {"model": "products.product", "pk": 16, "fields": {"category": 2, "sku": "SR12343475", "name": "JAI DEE", "label_name": "10 PILLS MATE", "description": "Glasgow producer Jai Dee debuts on 1Ø Pills Mate following a string of hot airwave teasers on DJ Haus’ Unknown To Unknown Rinse FM show and Tim & Barry TV’s NTS show.\r\n\r\nKicking us off is ‘Mercury Tears’, an emotional cut of happycore; brimming with dense keys, hardcore aesthetics and sweaty hug energy, and this mood pours into ‘Free Falling Into Darkness’ as the warehouse rave feel explodes in a cloud of acid smiley’s and breakbeats.\r\n\r\nStepping out of the darkness and into the light, ‘Beyond Crystal Rain’ quite literally sounds like thousands of gems smashing into the ground below; it’s ethereal synth patterns and otherworldly textures providing a sonic outer-body experience. This transcendence continues on the 140 mix of ‘Inner Wall Of The Oort Cloud’; uplifting atmospherics and heart-string tugging vocal samples creating a vibe that’s both dreamy and tense.\r\n\r\nThe original mix steps firmly on the accelerator as we venture into 160 territory, before ‘Dystopian Chaos’ bows out with a psychedelic cut of beatless scoring; a spellbinding journey though the rainbow time warp that’s as colourful and inspired as you can imagine.", "genre": "Electronic", "format_size": null, "has_formats": true, "track_list1": "1.\tMercury Tears", "track_list2": "2.\tFreely Falling In Darkness", "track_list3": "3.\tBeyond Crystal Rain", "track_list4": "4.\tInner Wall Of The Oort Cloud (140 mix)", "price": "11.99", "rating": "4.50", "image_url": "https://i.ibb.co/5kgZ99F/9634790fc7f5c743d1830750b8f27e90.jpg", "image": "9634790fc7f5c743d1830750b8f27e90.jpeg"}}, {"model": "products.product", "pk": 17, "fields": {"category": 2, "sku": "SR1234956", "name": "NICOLAS DUQUE", "label_name": "BREAKS 'N' PIECES", "description": "Nicolas Duque is a producer whose playful take on UK Garage, House & UK rave sounds is attracting ears far beyond his native Colombia. After an appearance on the Breaks 'N' Pieces Vol.2 VA, the Bogota producer makes his full release debut on the label.", "genre": "Electronic", "format_size": null, "has_formats": true, "track_list1": "1. \"UK To G\"", "track_list2": "2. \"Just The Way\"", "track_list3": "3. \"Moshpit Rave\"", "track_list4": "2. \"2You\"", "price": "11.99", "rating": "4.10", "image_url": "https://i.ibb.co/zHqhL8j/479b66e0ef5a8f8f5e1e2e3e77be39b5.jpg", "image": "479b66e0ef5a8f8f5e1e2e3e77be39b5.jpeg"}}, {"model": "products.product", "pk": 18, "fields": {"category": 9, "sku": "SR1234545", "name": "JAMES NEWTON", "label_name": "MORNING TRIP", "description": "PRE-ORDER ITEM : Expected July 23rd 2021. This item will only be shipped to you on or after the official release date. Please note any orders containing pre-order items won't be shipped until all items are available, so please order this separately to avoid delays. Please remember that release dates are at the mercy of labels, distributors, and pressing plants and will change constantly. Jame’s Newton’s 1977 self-released solo-debut, ‘Flute Music’ is an unheralded gem of the 70’s jazz underground. An album that showcases a diverse range of styles and fervent cross-pollination, while retaining a clear sense of direction and cohesion. An artist funnelling their wild expression into multiple facets of “The New Music”, crafting an auspicious and artistic debut. Newton would later go on to record with revered jazz labels like India Navigation and ECM, and collaborate with fellow creative luminaries like Sam Rivers, Anthony Davis, Andrew Cyrille, David Murray, and John Carter. But ‘Flute Music’ captures Newton’s fiery creativity and experimental nature in its earliest blossom.", "genre": "Jazz", "format_size": null, "has_formats": true, "track_list1": "1.\tArkansas Suite", "track_list2": "2.\tDarlene’s Bossa", "track_list3": "3.\tSophisticated Lady", "track_list4": "", "price": "24.98", "rating": "3.61", "image_url": "https://i.ibb.co/FVxXZ6Z/f10be0bf9b1186f3f6ea166091d6b63d.jpg", "image": "f10be0bf9b1186f3f6ea166091d6b63d.jpeg"}}, {"model": "products.product", "pk": 20, "fields": {"category": 13, "sku": "SR123453452", "name": "PPU Slipmats (Pair)", "label_name": "PPU RECORDS", "description": "Pair of great new slipmats from one of the best labels out there; PPU (People's Potential Unlimited) of Washington DC! Glow in the dark blue icons!", "genre": "Slipmats", "format_size": null, "has_formats": false, "track_list1": "", "track_list2": "", "track_list3": "", "track_list4": "", "price": "19.01", "rating": "3.40", "image_url": "https://i.ibb.co/XtcNLTt/2cd3c76f48fe11c0f5aa959719de063d.jpg", "image": "2cd3c76f48fe11c0f5aa959719de063d_OpB9p39.jpeg"}}, {"model": "products.product", "pk": 21, "fields": {"category": 14, "sku": "SR1234389574", "name": "Spincare Vinyl Cleaning Kit", "label_name": "SPINCARE", "description": "The SPINCARE® record cleaning kit (RCK) contains everything you need to clean and care for your vinyl record collection.", "genre": "Cleaning", "format_size": null, "has_formats": false, "track_list1": "", "track_list2": "", "track_list3": "", "track_list4": "", "price": "18.01", "rating": "4.20", "image_url": "https://i.ibb.co/QkqP2Lw/da77c77e542d662d5ba21a287768c2f7.jpg", "image": "da77c77e542d662d5ba21a287768c2f7.jpeg"}}, {"model": "products.product", "pk": 22, "fields": {"category": 14, "sku": "SR123454975", "name": "The Book of Drexciya Vol.2 (Softcover)", "label_name": "TRESOR", "description": "\"We continue to learn about the Drexciyans and their first leader, Drexaha. 5 stories just like the Book of Drexciya, Volume One.", "genre": "Book", "format_size": null, "has_formats": false, "track_list1": "", "track_list2": "", "track_list3": "", "track_list4": "", "price": "29.98", "rating": "3.60", "image_url": "https://i.ibb.co/pjVbxsb/da2ec6a3024c8a1d20c5d06b75129d01.jpg", "image": "da2ec6a3024c8a1d20c5d06b75129d01.jpeg"}}, {"model": "products.product", "pk": 23, "fields": {"category": 14, "sku": "SR123453222", "name": "The Label Machine Book", "label_name": "VELOCITY PRESS", "description": "So, you want to start a record label or self-release your own music? Then this is the resource you need. You are looking at the ultimate guide to starting, running and growing your independent record label. You will learn all about the music industry business and how to navigate the tricky dos and don’ts. You will finally understand and take control of your music copyright and get to grips with the legalities involved. You will build your label effortlessly, learning how to professionally market your music and artists – allowing you to reach thousands of fans. And, essentially, you will learn how to create multiple label revenue streams to create an established record label.", "genre": "Book", "format_size": null, "has_formats": false, "track_list1": "", "track_list2": "", "track_list3": "", "track_list4": "", "price": "13.98", "rating": "3.63", "image_url": "https://i.ibb.co/sK5CjBL/dfcdc1a66d006c04ff61c29dfceec1df.jpg", "image": "dfcdc1a66d006c04ff61c29dfceec1df.jpeg"}}, {"model": "products.product", "pk": 24, "fields": {"category": 14, "sku": "SR1234274", "name": "Chateau Vinyl Record Bag Black", "label_name": "AIRBAG CRAFTWORKS", "description": "Absolutely brilliant record bag from Airbags' A2 division as recommended by Seth Troxler.\r\nChateau vinyl offers well protected, cushioned space for 75 x 12inch records. Two equal subdivisions that can be divided by a very strong zipper to both sides. This unique feature makes record selecting more comfortable in different club situations. It comes with an attached outside pouch that can be seperated from the chateau and works like a stand alone shoulder bag. DJs that fly to work use this bag on board. This extra bag holds smaller cd cases, effect machinery and headphones. The flight condom, an easy, lightweight and highly sustainable solution to protect and extend the life of your chateau vinyl is included. Advice to all the flying DJs: don't check-in without! Made from black waterproof cotton.", "genre": "Bag", "format_size": null, "has_formats": false, "track_list1": "", "track_list2": "", "track_list3": "", "track_list4": "", "price": "320.00", "rating": "5.00", "image_url": "https://i.ibb.co/4dbW2zb/6874ae52c23a5c7e3d9be059a04209f0.jpg", "image": "6874ae52c23a5c7e3d9be059a04209f0.jpeg"}}, {"model": "products.product", "pk": 25, "fields": {"category": 14, "sku": "SR123454754", "name": "7 inch Record Box 50 Silver", "label_name": "ACC-SEES", "description": "Aluminium case, fully lined and padded with lockable catch. Handle on the lind, holds 50 7\" records.", "genre": "Bag", "format_size": null, "has_formats": false, "track_list1": "", "track_list2": "", "track_list3": "", "track_list4": "", "price": "32.99", "rating": "3.12", "image_url": "https://i.ibb.co/KzbJy7N/34e4dad1547bf8274e63ed6fbb0611c3.jpg", "image": "34e4dad1547bf8274e63ed6fbb0611c3.jpeg"}}, {"model": "products.product", "pk": 26, "fields": {"category": 14, "sku": "SR12344866", "name": "UDG Sling Bag Trolley Deluxe Black", "label_name": "ULTIMATE DJ GEAR", "description": "UDG have just re-designed their best-selling record bag, incorporating a new hidden trolley system, smooth rolling in-line wheels, integrated combination lock and have also re-inforced it and strengthened it to provide for greater protection and durability. Black.", "genre": "Bag", "format_size": null, "has_formats": false, "track_list1": "", "track_list2": "", "track_list3": "", "track_list4": "", "price": "199.98", "rating": "4.32", "image_url": "https://i.ibb.co/HKfygFd/d9b2d16ac6618462d6ad210b53ec1f4e.jpg", "image": "d9b2d16ac6618462d6ad210b53ec1f4e.jpeg"}}, {"model": "products.product", "pk": 27, "fields": {"category": 14, "sku": "SR12345113", "name": "UDG Courier Bag Black", "label_name": "ULTIMATE DJ GEAR", "description": "UDG's Courrier Bag holds about 40 records and is easily carried on your shoulder... One for those who need to carry a few records on a budget!", "genre": null, "format_size": null, "has_formats": false, "track_list1": "", "track_list2": "", "track_list3": "", "track_list4": "", "price": "49.98", "rating": "3.40", "image_url": "https://i.ibb.co/DkCRcyS/702516c0f8c11e26a3dec51801e2e419.jpg", "image": "702516c0f8c11e26a3dec51801e2e419.jpeg"}}, {"model": "products.product", "pk": 28, "fields": {"category": 13, "sku": "SR12345114323", "name": "Rega P1 Plus Turntable (Matt White)", "label_name": "REGA", "description": "A fresh new look for the multi-award winning Planar 1. We are delighted to introduce the new matt finish Planar 1. Every single aspect of the Planar 1 has been meticulously designed to improve performance. The Planar 1 uses a bespoke 24 V, low noise, synchronous motor to reduce vibration combined with our hand made RB110 tonearm fitted with our unique Rega designed ultra-low friction bearings. We have added our latest drive belt technology the EBLT belt which delivers greater accuracy and improved speed performance. If you are looking to get back into vinyl and want serious performance that will last you a lifetime, then look no further.", "genre": "Turn Table", "format_size": null, "has_formats": false, "track_list1": "", "track_list2": "", "track_list3": "", "track_list4": "", "price": "345.00", "rating": "4.60", "image_url": "https://i.ibb.co/Sxd5gnX/c3121eaae8fc49466d61ae757c0f1f13.jpg", "image": "c3121eaae8fc49466d61ae757c0f1f13.jpeg"}}, {"model": "products.product", "pk": 29, "fields": {"category": 13, "sku": "SR12345452464", "name": "Reloop Black Stylus (For Concorde Black)", "label_name": "RELOOP", "description": "The Reloop cartridges and stylus are manufactured by Ortofon and are the same specifications as the Ortofon Pro-S.\r\n\r\nThe Concorde Black boasts low vinyl wearout characteristics and a spherical stylus, while especially good sound characteristics emphasise its quality.", "genre": "stylus", "format_size": null, "has_formats": false, "track_list1": "", "track_list2": "", "track_list3": "", "track_list4": "", "price": "29.98", "rating": "4.20", "image_url": "https://i.ibb.co/0BfPTS9/54ed5aaca303b7498fd3be7931caafab.jpg", "image": "54ed5aaca303b7498fd3be7931caafab.jpeg"}}, {"model": "products.product", "pk": 30, "fields": {"category": 13, "sku": "SR123455242", "name": "TMA-2 DJ Preset Headphones", "label_name": "AIAIAI", "description": "The combination of the durable H02 nylon headband and the E02 on-ear PU leather earpads, which provides high isolation, results in a powerful, sturdy headphone suitable for live performance and electronic/bass heavy music.", "genre": "Phones", "format_size": null, "has_formats": false, "track_list1": "", "track_list2": "", "track_list3": "", "track_list4": "", "price": "170.00", "rating": "4.70", "image_url": "https://i.ibb.co/QJ7nZG3/55dea0b143c0319e4830434a9d457286.jpg", "image": "55dea0b143c0319e4830434a9d457286.jpeg"}}, {"model": "products.product", "pk": 31, "fields": {"category": 13, "sku": "SR1234511242", "name": "Radius Four Valve Mixer (Black)", "label_name": "MASTERSOUNDS", "description": "Building on the success of the award-winning Radius DJ mixers, the new MasterSounds flagship 4V range comprise premium 4 channel DJ mixers aimed at clubs and DJs requiring a conventional DJ toolkit with “no compromise” audio fidelity. Available in both rotary and linear fader options, the Radius 4V and Linear 4V encompass the pinnacle of audio excellence, equipped with the highest quality components.", "genre": "Mixer", "format_size": null, "has_formats": false, "track_list1": "", "track_list2": "", "track_list3": "", "track_list4": "", "price": "2119.04", "rating": "5.00", "image_url": "https://i.ibb.co/YtfTshD/4a6100a5ffed84cdc435ab4cd3d7577b.jpg", "image": "4a6100a5ffed84cdc435ab4cd3d7577b.jpeg"}}, {"model": "products.product", "pk": 32, "fields": {"category": 14, "sku": "SR1234523445", "name": "FX (Silver)", "label_name": "MASTERSOUNDS", "description": "The MasterSounds FX unit is designed to perfectly integrate with the entire MasterSounds DJ mixer catalogue, maximising the use of both the Aux send system and mix insert feature in a way no other FX unit can.", "genre": "FX", "format_size": "3", "has_formats": false, "track_list1": "", "track_list2": "", "track_list3": "", "track_list4": "", "price": "499.00", "rating": "4.90", "image_url": "https://i.ibb.co/0Y9cNnw/261092aa6417505b249a2236db24e05d.jpg", "image": "261092aa6417505b249a2236db24e05d.jpeg"}}, {"model": "products.product", "pk": 33, "fields": {"category": 13, "sku": "SR123448564", "name": "Vinyl Record Cleaning Kit", "label_name": "ROBERT FREDERICK", "description": "The kit has been design for the new vinyl collector in mind. Within this tin box that measures 19cm x 13cm x 5cm and weights approx.\r\n\r\n500gms is a Record Cleaner Fluid, Stylus Cleaner, Anti-static Carbon Fiber Brush and a Large Record Cloth.\r\n\r\nHowever, what makes this kit special is the 32 pages booklet\r\n\r\n“A Guide to Looking After Your Vinyl Collection.\r\n\r\nThe booklet has sections including History of Vinyl Records, Vinyl Record Player, Record Types,\r\n\r\nHow to Store You Records, How to Keep Your Vinyl Clean, Do’s and Don’ts and Facts on The Best-Selling Vinyl Albums.", "genre": "Cleaning", "format_size": null, "has_formats": false, "track_list1": "", "track_list2": "", "track_list3": "", "track_list4": "", "price": "20.00", "rating": "3.50", "image_url": "https://i.ibb.co/mRxm2zV/f77e11bf6223d45277c3f8b097a3a9bd.jpg", "image": "f77e11bf6223d45277c3f8b097a3a9bd.jpeg"}}, {"model": "products.product", "pk": 34, "fields": {"category": 13, "sku": "SR123457234", "name": "Near Mint 360 Cleaning Solution", "label_name": "NEAR MINT", "description": "Near Mint has been specially blended to make sure your vinyl is cleaned to the highest standard. Using a greater percentage of integral ingredients and purified chemicals, Near Mint can offer the best results in cleanliness, ensuring no residue remains on your record.", "genre": "Cleaning", "format_size": null, "has_formats": false, "track_list1": "", "track_list2": "", "track_list3": "", "track_list4": "", "price": "10.99", "rating": "4.20", "image_url": "https://i.ibb.co/7Jkg5Q5/2eb52ee19a37c070c0ad01ca5c482aa5.jpg", "image": "2eb52ee19a37c070c0ad01ca5c482aa5.jpeg"}}, {"model": "products.product", "pk": 35, "fields": {"category": 9, "sku": "SR123455234", "name": "REESE / SCHEMATICS / DWAYNE JENSEN", "label_name": "KMS RECORDS", "description": "PRE-ORDER ITEM : Expected July 23rd 2021. This item will only be shipped to you on or after the official release date. Please note any orders containing pre-order items won't be shipped until all items are available, so please order this separately to avoid delays. Please remember that release dates are at the mercy of labels, distributors, and pressing plants and will change constantly. Kevin Saunderson's KMS imprint is a label that should require no introduction. The motor city label has been a Techno mainstay since it's inception in 1987. Numerous Detroit luminaries have released classic after classic on the labels hallowed grooves over the last 25+ years and it's influence is still felt in contemporary dance music today. The idea behind the KMS \"Origins\" series is to shine a light on the lesser known cuts in the KMS vaults as well as the classics that have given the label it's legendary status during it's lifetime.", "genre": "Funk", "format_size": null, "has_formats": true, "track_list1": "1.\tA1 Schematics - Shock Therapy", "track_list2": "2.\tA2 Dwayne Jensen - Rebellious", "track_list3": "3.\tB1 Reese - Bassline", "track_list4": "4.\tB2 Reese - Funky Funk Funk", "price": "12.99", "rating": "4.60", "image_url": "https://i.ibb.co/HhvCQq8/8df402958d457fcbc8c408d20aa911e6.jpg", "image": "8df402958d457fcbc8c408d20aa911e6.jpeg"}}, {"model": "products.product", "pk": 36, "fields": {"category": 9, "sku": "SR123455434", "name": "Space Funk: Afro-Futurist", "label_name": "SOUL JAZZ", "description": "PRE-ORDER ITEM : Expected July 23rd 2021. This item will only be shipped to you on or after the official release date. Please note any orders containing pre-order items won't be shipped until all items are available, so please order this separately to avoid delays. Please remember that release dates are at the mercy of labels, distributors, and pressing plants and will change constantly. Soul Jazz Records release ‘Space Funk: Afro- Futurist Electro Funk In Space 1976-84’, an intergalactic journey into black space, fuelled by funk, powered by computers. ‘Space Funk’ is a lovingly compiled collection of superb, rare and off-the-wall space funk and electro, mostly released on small independent labels in the late 1970s and 1980s. Features music by Jamie Jupitor, Solaris, Robotron 4, Juju & the Space Rangers and many more intergalactic space warriors.", "genre": "Jazz", "format_size": null, "has_formats": true, "track_list1": "1.\tL E O - \"Fee Fi Fo Fum\"", "track_list2": "2.\tThe Sonarphonic - \"Super Breaker\"", "track_list3": "3.\tSantiago - \"Bionic Funk\"", "track_list4": "4.\tFrank Cornilius - \"Computer Games\"", "price": "24.00", "rating": "4.50", "image_url": "https://i.ibb.co/xgB33q9/768c03b6af55f3940753fc19b12bb2d4.jpg", "image": "768c03b6af55f3940753fc19b12bb2d4.jpeg"}}, {"model": "products.product", "pk": 37, "fields": {"category": 9, "sku": "SR123451124", "name": "Broxburn Funk LP", "label_name": "FIRECRACKER RECORDINGS", "description": "PRE-ORDER ITEM : Expected July 23rd 2021. This item will only be shipped to you on or after the official release date. Please note any orders containing pre-order items won't be shipped until all items are available, so please order this separately to avoid delays. Please remember that release dates are at the mercy of labels, distributors, and pressing plants and will change constantly. Throughout the early and mid 90's, Being released a series of records on Weatherall's Special Emissions label. Collaborated with Claude Young and also produced the rare as hens teeth Two Lone Swordsmen And A Being 12\" with Weatherall and Tenniswood, whilst his Tides album was remixed by Ectomorph, Insync and more. Years later he'd resurface as the Wee DJ's and releasing idiosyncratic electro on Daz Quayle's SCSI-AV label and Sativa's Gasoline imprint.", "genre": "Jazz", "format_size": null, "has_formats": true, "track_list1": "1.\t\"Nine Bars\"", "track_list2": "2.\t\"Broxburn Funk\"", "track_list3": "3.\t\"Tanno\"", "track_list4": "4.\t\"Space Again\"", "price": "24.99", "rating": "3.70", "image_url": "https://i.ibb.co/f8B4Jfb/d06fb1393b5b6eb36d3df68107c174ff.jpg", "image": "d06fb1393b5b6eb36d3df68107c174ff.jpeg"}}, {"model": "products.product", "pk": 38, "fields": {"category": 9, "sku": "SR123455364", "name": "Edo Funk Explosion Vol. 1", "label_name": "ANALOG AFRICA", "description": "PRE-ORDER ITEM : Expected July 23rd 2021. This item will only be shipped to you on or after the official release date. Please note any orders containing pre-order items won't be shipped until all items are available, so please order this separately to avoid delays. Please remember that release dates are at the mercy of labels, distributors, and pressing plants and will change constantly. It was in Benin City, in the heart of Nigeria, that a new hybrid of intoxicating highlife music known as Edo Funk was born. It first emerged in the late 1970s when a group of musicians began to experiment with different ways of integrating elements from their native Edo culture and fusing them with new sound effects coming from West Africa´s night-clubs. Unlike the rather polished 1980´s Nigerian disco productions coming out of the international metropolis of Lagos Edo Funk was raw and reduced to its bare minimum. Someone was needed to channel this energy into a distinctive sound and Sir Victor Uwaifo appeared like a mad professor with his Joromi studio. Uwaifo took the skeletal structure of Edo music and relentless began fusing them with synthesizers, electric guitars and 80´s effect racks which resulted in some of the most outstanding Edo recordings ever made. An explosive spiced up brew with an odd psychedelic note known as Edo Funk.", "genre": "Jazz", "format_size": null, "has_formats": true, "track_list1": "1. Osayomore Joseph - \"My Name Is Money\"", "track_list2": "2.\tAkaba Man & The Nigie Rockets - \"Ta Gha Hunsimwen\"", "track_list3": "3.\tAkaba Man & The African Pride - \"Popular Side\"", "track_list4": "4.\tSir Victor Uwaifo & His Titibitis - \"Iranm Iran\"", "price": "27.98", "rating": null, "image_url": "https://i.ibb.co/t2Nd3F6/f8bc7ee8999ab8904fff8223773d619c.jpg", "image": "f8bc7ee8999ab8904fff8223773d619c.jpeg"}}, {"model": "products.product", "pk": 39, "fields": {"category": 9, "sku": "SR1232324", "name": "Sampled Funk LP", "label_name": "WAGRAM", "description": "PRE-ORDER ITEM : Expected July 23rd 2021. This item will only be shipped to you on or after the official release date. Please note any orders containing pre-order items won't be shipped until all items are available, so please order this separately to avoid delays. Please remember that release dates are at the mercy of labels, distributors, and pressing plants and will change constantly. Funky tracks as sampled by Daft Punk, Sugarhill Gang, Method Man, Jamie XX, Cassius, Snoop Dogg etc by Eddie Johns, Incredible Bongo Band, Cymande, Freez, Jimmy Spicer, The Whispers etc.", "genre": "Funk", "format_size": null, "has_formats": false, "track_list1": "1.\tEddie Johns - \"More Spell On You\"", "track_list2": "2.\tIncredible Bongo Band - \"Apache\"", "track_list3": "3.\tIke Turner & The Kings Of Rhythm - \"Funky Mule\"", "track_list4": "4.\tSkull Snaps - \"It's A New Day\"", "price": "25.99", "rating": "3.70", "image_url": "https://i.ibb.co/c6ptbK4/f47e2e6e4b2f1af173e965a42bb84f0b.jpg", "image": "f47e2e6e4b2f1af173e965a42bb84f0b.jpeg"}}, {"model": "products.product", "pk": 40, "fields": {"category": 3, "sku": "SR12345452492", "name": "Loft Classics Volume 11", "label_name": "LOFT CLASSICS", "description": "Francine McGee's \"Delerium\", Don Ray's \"Standing in the Rain\" and Wobble's \"How Much Are They\"", "genre": "Hip Hop", "format_size": null, "has_formats": true, "track_list1": "1.\tFrancine Mcgee - Delerium", "track_list2": "2.\tDon Ray - Standing In The Rain", "track_list3": "3.\tWobble - How Much Are They", "track_list4": "", "price": "13.99", "rating": "4.70", "image_url": "https://i.ibb.co/jW6LGZq/6700362e4b6301383b64ba4c68069bcd.jpg", "image": "6700362e4b6301383b64ba4c68069bcd.jpeg"}}, {"model": "products.product", "pk": 41, "fields": {"category": 3, "sku": "SR1234545234", "name": "7 Weapons Series", "label_name": "MALOCA", "description": "7 Weapons Series is the latest set of hybrid club tracks from the Beijing based producer Howie Lee on Belgian label Maloca Records.\r\n\r\nKnown for fusing traditional Asian sounds into the experimental clubbing field, Howie Lee pushes the boundaries in order to access a broader sound palette. Styles and elements are always mixed ingeniously; Tibetan chanting, middle-eastern zurna, syncopated drums, deep and modern bass, buoyant jazz chords - it’s difficult to know what to expect.", "genre": "Hip Hop", "format_size": null, "has_formats": true, "track_list1": "1.\t\"The Unreasonable Song\"", "track_list2": "\"The Mistranslated Silence\"", "track_list3": "3.\t\"The Wriggled Wind\"", "track_list4": "4.\t\"The Reflexed Bamboo\"", "price": "14.99", "rating": "4.20", "image_url": "https://i.ibb.co/1nNCPzP/a1da3f4de27f0377d059fc61d73595ef.jpg", "image": "a1da3f4de27f0377d059fc61d73595ef.jpeg"}}, {"model": "products.product", "pk": 42, "fields": {"category": 4, "sku": "SR1234511245", "name": "ZEROZEROZERO LP (RSD 2021)", "label_name": "ZEROZEROZERO LP (RSD 2021)", "description": "To celebrate the UK transmission of the acclaimed eight-part cocaine crime drama, ZeroZeroZero, Rock Action are very pleased to release Mogwai's soundtrack to the series for the very first time on double white vinyl and exclusively for Record Store Day 2021.", "genre": "Rock", "format_size": null, "has_formats": true, "track_list1": "", "track_list2": "", "track_list3": "", "track_list4": "", "price": "12.99", "rating": "3.50", "image_url": "https://i.ibb.co/n1TBXqs/33700e01ed9939a40f493a4b61b4d568.jpg", "image": "33700e01ed9939a40f493a4b61b4d568.jpeg"}}, {"model": "products.product", "pk": 43, "fields": {"category": 5, "sku": "SR1234545245", "name": "Jazz N Palms Mixtape Vol. 1 Cassette", "label_name": "JAZZ N PALMS", "description": "Jazz N Palms selects 100% fusion, jazz, funk in full exotic effect, re-edited and retouched with a modern approach and new sounds to listen under the palms or simply imagining it. Limited Mixtape, cassette only, including tracks from the first three vinyl releases (JNP 01-02-03) + 2 unreleased.", "genre": "Jazz", "format_size": null, "has_formats": true, "track_list1": "", "track_list2": "1.\tA Side", "track_list3": "2.\tB Side", "track_list4": "", "price": "11.99", "rating": "4.70", "image_url": "https://i.ibb.co/TMJW7fR/fb0f9f59219610b7ea3af5cc2a82445b.jpg", "image": "fb0f9f59219610b7ea3af5cc2a82445b.jpeg"}}, {"model": "products.product", "pk": 44, "fields": {"category": 5, "sku": "SR12345112345", "name": "Jazz Is Dead 9: Instrumentals", "label_name": "JAZZ IS DEAD", "description": "Ali Shaheed Muhammad and Adrian Younge are best known for their collaborations with vocalists and MCs, but these two multi-instrumentalists and producers excel in their ability to conjure musical moods with or without vocal accompaniment. Similarly, the musical legends that these two handpicked to collaborate with across this series are all jazz legends equally at home crafting unadorned compositions as they are collaborating with vocalists.", "genre": "Jazz", "format_size": null, "has_formats": true, "track_list1": "1.\tHey Lover (feat Roy Ayers)", "track_list2": "2.\tOi Feat Marcos Valle", "track_list3": "3.\tVisions Of Love (feat Gary Bartz)", "track_list4": "4.\tAquarius (Why Do You Cry) (feat Joao Donato)", "price": "15.99", "rating": "4.31", "image_url": "https://i.ibb.co/4JkBp9j/4f098468b754caa1c6bf36ca17e40044.jpg", "image": "4f098468b754caa1c6bf36ca17e40044.jpeg"}}, {"model": "products.product", "pk": 45, "fields": {"category": 6, "sku": "SR123454534554", "name": "Hot Like Jam / Very First Time", "label_name": "PXWHITE", "description": "Hits from your favourite era, transported into the future with 2 JJAAMM HOT electro reworks direct from the PXUniverse.", "genre": "Electronic", "format_size": null, "has_formats": true, "track_list1": "1.\tHot Like Jam", "track_list2": "2.\tVery First Time (vocal mix)", "track_list3": "3.\tVery First Time (Vacuum mix)", "track_list4": "", "price": "11.99", "rating": "4.56", "image_url": "https://i.ibb.co/0qLGZnD/508383309340e08ded0e322b1b7337d1.jpg", "image": "508383309340e08ded0e322b1b7337d1.jpeg"}}, {"model": "products.product", "pk": 46, "fields": {"category": 6, "sku": "SR1234545234", "name": "CELL OUT / SLEEPER CELL", "label_name": "BREAK THE HOUSE", "description": "Break The House, an offshoot of Rave 2 The Grave brings you remixes of Alison Limerick 'Where Love Lives' / Inner City 'Good Life'", "genre": "Electronic", "format_size": null, "has_formats": false, "track_list1": "1.\tCell Out - Where Love Lives", "track_list2": "2.\tCell Out & Sleeper Cell - Good Life", "track_list3": "", "track_list4": "", "price": "14.99", "rating": "3.80", "image_url": "https://i.ibb.co/52Pn9JW/caf09becc9b9f9f7ac84f5f490eb2eb3.jpg", "image": "caf09becc9b9f9f7ac84f5f490eb2eb3.jpeg"}}, {"model": "products.product", "pk": 47, "fields": {"category": 7, "sku": "SR12343856", "name": "THE SOPHISTICATIONS", "label_name": "MAGNETIC FIELDS", "description": "Written by Edwin Windermere Holland, the great great uncle of Will Holland AKA Quantic.\r\n(The B-side has \"Instrumental\" printed on it, however both sides are instrumental).", "genre": "Hip Hop", "format_size": null, "has_formats": true, "track_list1": "", "track_list2": "", "track_list3": "", "track_list4": "", "price": "22.50", "rating": "4.70", "image_url": "https://i.ibb.co/SX2d3Bv/7c911ecf7adb2f76698ff2c516999634.jpg", "image": "7c911ecf7adb2f76698ff2c516999634.jpeg"}}, {"model": "products.product", "pk": 48, "fields": {"category": 7, "sku": "SR12345452343", "name": "Brazil Classics 5: The Hips of Tradition LP", "label_name": "LUAKA BOP", "description": "The amazing Tom Ze, or as he wrote to us when we were working on this album, “Should I change my name? It could be Ze Tom Ze? Or Tom Tom Ze?” This was his first newly recorded album after being ‘rediscovered’ and it’s as surprising and special as one would expect from this iconoclast. “Inspired by hard-lit and science fiction, Ze’s tick-tocking sambas and comforting cancaos range from the painfully touching to the instructably conceptual.”", "genre": "Hip Hop", "format_size": null, "has_formats": true, "track_list1": "1.\tOgodo, Ano 2000", "track_list2": "2.\tSem A Letra 'A'", "track_list3": "3.\tFeira De Santana", "track_list4": "4.\tSofro De Juventude", "price": "24.00", "rating": "4.60", "image_url": "https://i.ibb.co/ZxhdNmj/92129a3d2b8eaf9ba5778f3cbd434595.jpg", "image": "92129a3d2b8eaf9ba5778f3cbd434595.jpeg"}}, {"model": "products.product", "pk": 49, "fields": {"category": 10, "sku": "SR1234574355", "name": "Ciao Italia Generazioni Underground - Bonus EP Due", "label_name": "REBIRTH", "description": "PRE-ORDER ITEM : Expected July 23rd 2021. This item will only be shipped to you on or after the official release date. Please note any orders containing pre-order items won't be shipped until all items are available, so please order this separately to avoid delays. Please remember that release dates are at the mercy of labels, distributors, and pressing plants and will change constantly. Round two of Rebirth’s bonus EP series that follows on from the massively popular Ciao Italia. Generazioni Underground compilation – digging deep to reissue some of the most treasured Italian dream house tracks out there.", "genre": "Electronic", "format_size": null, "has_formats": true, "track_list1": "1.\tGreen Baize - Toxicology Room", "track_list2": "2.\tDon Carlos - I Believe In Heaven", "track_list3": "3.\tStage 28 - Feel The Night (Extended Mix)", "track_list4": "4.\tCirillo & Leo Young Pres. Brother’s Brigade - They Couldn’t Resist", "price": "18.99", "rating": "3.70", "image_url": "https://i.ibb.co/K0VKVfj/ce365216a3806f403d86020866601c38.jpg", "image": "ce365216a3806f403d86020866601c38.jpeg"}}, {"model": "products.product", "pk": 50, "fields": {"category": 10, "sku": "SR1234511345", "name": "FELA KUTI", "label_name": "KNITTING FACTORY RECORDS", "description": "PRE-ORDER ITEM : Expected July 23rd 2021. This item will only be shipped to you on or after the official release date. Please note any orders containing pre-order items won't be shipped until all items are available, so please order this separately to avoid delays. Please remember that release dates are at the mercy of labels, distributors, and pressing plants and will change constantly. Knitting Factory Records is proud to release the next installment of long-awaited vinyl reissues from the Fela Kuti catalog. Box Set #5 was co-curated by Fela's son, world-renowned multi-instrumentalist and Afrobeat ambassador, Femi Kuti, and Chris Martin (Coldplay). This volume includes Why Black Man Dey Suffer, Noise for Vendor Mouth, Kalakuta Show, Excuse O, Ikoyi Blindness, Original Sufferhead, and Overtake Don Overtake Overtake. The artwork for each album has been meticulously recreated from the original vinyl pressings, alongside vintage vinyl label artwork.", "genre": "Electronic", "format_size": null, "has_formats": true, "track_list1": "", "track_list2": "", "track_list3": "", "track_list4": "", "price": "91.99", "rating": null, "image_url": "https://i.ibb.co/q9sSY7J/940fd10831d5b118aa36d5fbaa67516b.jpg", "image": "940fd10831d5b118aa36d5fbaa67516b.jpeg"}}, {"model": "products.product", "pk": 51, "fields": {"category": 11, "sku": "SR1234545643", "name": "Unseen Series II", "label_name": "ANALOGICAL FORCE", "description": "PRE-ORDER ITEM : Expected July 23rd 2021. This item will only be shipped to you on or after the official release date. Please note any orders containing pre-order items won't be shipped until all items are available, so please order this separately to avoid delays. Please remember that release dates are at the mercy of labels, distributors, and pressing plants and will change constantly. Second chapter in the Unseen Series, golden stuff. Killer release by this unknown artist. Limited supplies... dont sleep.", "genre": "Hip Hop", "format_size": null, "has_formats": true, "track_list1": "1.\tPike", "track_list2": "2.\tArch", "track_list3": "3.\tUnicos", "track_list4": "4.\tLynx", "price": "13.99", "rating": "4.70", "image_url": "https://i.ibb.co/4fFbm1f/7bad1b958132cc44b9991f5551bdf712.jpg", "image": "7bad1b958132cc44b9991f5551bdf712.jpeg"}}, {"model": "products.product", "pk": 52, "fields": {"category": 11, "sku": "SR123455345", "name": "Ear Clip Series Volume 1", "label_name": "EAR CLIP SERIES", "description": "PRE-ORDER ITEM : Expected July 23rd 2021. This item will only be shipped to you on or after the official release date. Please note any orders containing pre-order items won't be shipped until all items are available, so please order this separately to avoid delays. Please remember that release dates are at the mercy of labels, distributors, and pressing plants and will change constantly. First volume of Ear Clips series curated by Chez Emile Records. A various artists compilation focus on dance and mind music. This one go dig into disco, synth pop and Krautrock with 4 artists from Lyon. Leo, Guillaume Des Bois, Caissard DJ and Abschaum.", "genre": "Hip Hop", "format_size": null, "has_formats": false, "track_list1": "1.\tLeo - \"Documenta\"", "track_list2": "2.\tGuillaume Des Bois - \"Burning Time\"", "track_list3": "3.\tCaissard DJ - \"King Is White\"", "track_list4": "4.\tAbschaum - \"Ondes Glaciales\"", "price": "10.99", "rating": "4.60", "image_url": "https://i.ibb.co/m5cHHdH/fc5bd5bbc62813d598b8e73ab620a247.jpg", "image": "fc5bd5bbc62813d598b8e73ab620a247.jpeg"}}, {"model": "products.product", "pk": 53, "fields": {"category": 12, "sku": "SR1234542", "name": "VAUGHAN MASON AND CREW", "label_name": "DEMON RECORDS", "description": "PRE-ORDER ITEM : Expected July 23rd 2021. This item will only be shipped to you on or after the official release date. Please note any orders containing pre-order items won't be shipped until all items are available, so please order this separately to avoid delays. Please remember that release dates are at the mercy of labels, distributors, and pressing plants and will change constantly.\r\nVaughan Mason is an influential disco funk producer and musician who most notably released the 1980s roller skating anthem ‘Bounce, Rock, Skate, Roll’\r\n\r\nThe spectacular single was released on Brunswick records and has been sampled by dozens of artists ranging from Daft Punk, De La Soul to a Tribe Called Quest\r\n\r\nOriginally released in 1980, this reissue has been p ressed on 140g black vinyl with original artwork and printed inner sleeve", "genre": "Rock", "format_size": null, "has_formats": true, "track_list1": "", "track_list2": "", "track_list3": "", "track_list4": "", "price": "13.99", "rating": "4.00", "image_url": "https://i.ibb.co/9g5MZSt/2fa5efc961ad91cc77af81155db6122a.jpg", "image": "2fa5efc961ad91cc77af81155db6122a.jpeg"}}, {"model": "products.product", "pk": 54, "fields": {"category": 8, "sku": "SR123454523445", "name": "Midnight Rock's Secret Tapes LP", "label_name": "ACID JAZZ", "description": "Behind original rhythms recorded at Channel 1, Tuff Gong and others, featuring the Roots Radics and The Midnight Rock Band and mixed in places like King Jammy’s and Tubby’s we are presented with a line-up of stellar talent - Linval Thompson with the plaintive ‘I Can Be Your Man’, the forthright Super Cat on ‘Me Glad She Gone’ and Luciano on the rare ‘Good Thing Goin’ On’. They are joined by Courtney Melody, Pinchers and Joesy Wales, Daville and more. Keeping the circle complete, Thomas appears on two tracks, including the future classic ‘Sounds A Go Dead Tonight’ with Junior Vibes.", "genre": "Rock", "format_size": null, "has_formats": true, "track_list1": "", "track_list2": "", "track_list3": "", "track_list4": "", "price": "15.99", "rating": "3.90", "image_url": "https://i.ibb.co/JyfB1Gn/ab69dffe18497f50b4ab887852c0dc32.jpg", "image": "ab69dffe18497f50b4ab887852c0dc32.jpeg"}}, {"model": "checkout.order", "pk": 1, "fields": {"order_number": "0D7B435E4C944A4FB68F69A5C15AFDA3", "user_profile": null, "full_name": "Mark Wilkinson", "email": "mark_wilkinson2010@hotmail.co.uk", "phone_number": "07917644230", "country": "United Kingdom", "postcode": "SE145QD", "town_or_city": "London", "street_address1": "32 Hatcham Park Road", "street_address2": null, "county": "London", "date": "2021-10-24T11:46:04.957Z", "delivery_cost": "0.00", "order_total": "0.00", "grand_total": "0.00", "original_bag": "", "stripe_pid": ""}}, {"model": "checkout.order", "pk": 2, "fields": {"order_number": "566D2FAD873B4B0E8548B12E576D429B", "user_profile": null, "full_name": "Mark Wilkinson", "email": "mark_wilkinson2010@hotmail.co.uk", "phone_number": "07917644230", "country": "United Kingdom", "postcode": "SE145QD", "town_or_city": "London", "street_address1": "32 Hatcham Park Road", "street_address2": null, "county": "London", "date": "2021-10-24T11:48:16.044Z", "delivery_cost": "0.00", "order_total": "0.00", "grand_total": "0.00", "original_bag": "", "stripe_pid": ""}}, {"model": "checkout.order", "pk": 3, "fields": {"order_number": "86CB4E93262E4665AB86C7F9B56F2276", "user_profile": null, "full_name": "Mark Wilkinson", "email": "mark_wilkinson2010@hotmail.co.uk", "phone_number": "07917644230", "country": "United Kingdom", "postcode": "SE145QD", "town_or_city": "London", "street_address1": "32 Hatcham Park Road", "street_address2": null, "county": "London", "date": "2021-10-24T11:49:17.084Z", "delivery_cost": "0.00", "order_total": "0.00", "grand_total": "0.00", "original_bag": "", "stripe_pid": ""}}, {"model": "checkout.order", "pk": 4, "fields": {"order_number": "D20A860EFCAA45D9B1784F3AC9C87AB2", "user_profile": null, "full_name": "Mark Wilkinson", "email": "mark_wilkinson2010@hotmail.co.uk", "phone_number": "07917644230", "country": "United Kingdom", "postcode": "SE145QD", "town_or_city": "London", "street_address1": "32 Hatcham Park Road", "street_address2": null, "county": "London", "date": "2021-10-24T12:09:37.380Z", "delivery_cost": "0.00", "order_total": "0.00", "grand_total": "0.00", "original_bag": "", "stripe_pid": ""}}, {"model": "checkout.order", "pk": 5, "fields": {"order_number": "44E14F94F34A48C49A889CC5D92B6172", "user_profile": null, "full_name": "Mark Wilkinson", "email": "mark_wilkinson2010@hotmail.co.uk", "phone_number": "07917644230", "country": "United Kingdom", "postcode": "SE145QD", "town_or_city": "London", "street_address1": "32 Hatcham Park Road", "street_address2": null, "county": "London", "date": "2021-10-24T12:17:56.743Z", "delivery_cost": "0.00", "order_total": "0.00", "grand_total": "0.00", "original_bag": "", "stripe_pid": ""}}, {"model": "checkout.order", "pk": 6, "fields": {"order_number": "CAA0A78B530345D4B11F430086D405E0", "user_profile": null, "full_name": "Mark Wilkinson", "email": "mark_wilkinson2010@hotmail.co.uk", "phone_number": "07917644230", "country": "United Kingdom", "postcode": "SE145QD", "town_or_city": "London", "street_address1": "32 Hatcham Park Road", "street_address2": null, "county": "London", "date": "2021-10-24T12:18:48.997Z", "delivery_cost": "0.00", "order_total": "0.00", "grand_total": "0.00", "original_bag": "", "stripe_pid": ""}}, {"model": "checkout.order", "pk": 7, "fields": {"order_number": "6828698345E444D3AE85C01B7A2664E6", "user_profile": null, "full_name": "Mark Wilkinson", "email": "mark_wilkinson2010@hotmail.co.uk", "phone_number": "07917644230", "country": "United Kingdom", "postcode": "SE145QD", "town_or_city": "London", "street_address1": "32 Hatcham Park Road", "street_address2": null, "county": "London", "date": "2021-10-24T12:21:56.733Z", "delivery_cost": "0.00", "order_total": "0.00", "grand_total": "0.00", "original_bag": "", "stripe_pid": ""}}, {"model": "checkout.order", "pk": 8, "fields": {"order_number": "B06177B9BB1A4E04890B73ECC81FBE64", "user_profile": null, "full_name": "Mark Wilkinson", "email": "mark_wilkinson2010@hotmail.co.uk", "phone_number": "07917644230", "country": "GB", "postcode": "SE145QD", "town_or_city": "London", "street_address1": "32 Hatcham Park Road", "street_address2": null, "county": "London", "date": "2021-10-25T11:09:44.251Z", "delivery_cost": "0.00", "order_total": "0.00", "grand_total": "0.00", "original_bag": "", "stripe_pid": ""}}, {"model": "checkout.order", "pk": 9, "fields": {"order_number": "B6C440BAF3514456B9A365163E84533F", "user_profile": null, "full_name": "Mark Wilkinson", "email": "mark_wilkinson2010@hotmail.co.uk", "phone_number": "07917644230", "country": "GB", "postcode": "SE145QD", "town_or_city": "London", "street_address1": "32 Hatcham Park Road", "street_address2": null, "county": "London", "date": "2021-10-25T12:28:54.422Z", "delivery_cost": "0.00", "order_total": "0.00", "grand_total": "0.00", "original_bag": "{\"2\": {\"items_by_format\": {\"digital\": 3}}}", "stripe_pid": "pi_3JoSI1EguhWZMgzI1EaGaSMb"}}, {"model": "checkout.order", "pk": 10, "fields": {"order_number": "20DA3579B476408EBD6AA7FC9729E593", "user_profile": null, "full_name": "Mark Wilkinson", "email": "mark_wilkinson2010@hotmail.co.uk", "phone_number": "07917644230", "country": "GB", "postcode": "SE145QD", "town_or_city": "London", "street_address1": "32 Hatcham Park Road", "street_address2": null, "county": "London", "date": "2021-10-25T12:47:08.285Z", "delivery_cost": "0.00", "order_total": "0.00", "grand_total": "0.00", "original_bag": "{\"2\": {\"items_by_format\": {\"digital\": 1}}}", "stripe_pid": "pi_3JoSZeEguhWZMgzI13vQPMfo"}}, {"model": "checkout.order", "pk": 11, "fields": {"order_number": "CC41D815959A44EDA26971F73A3714BE", "user_profile": 1, "full_name": "Mark Wilkinson", "email": "mark_wilkinson2010@hotmail.co.uk", "phone_number": "07917644230", "country": "GB", "postcode": "SE145QD", "town_or_city": "London", "street_address1": "32 Hatcham Park Road", "street_address2": null, "county": "London", "date": "2021-10-25T14:46:17.074Z", "delivery_cost": "0.00", "order_total": "0.00", "grand_total": "0.00", "original_bag": "{\"1\": {\"items_by_format\": {\"digital\": 1}}}", "stripe_pid": "pi_3JoUR3EguhWZMgzI0Ud2nYil"}}, {"model": "checkout.order", "pk": 12, "fields": {"order_number": "3542F270F31A4BB090CB0B8FF0936E8C", "user_profile": null, "full_name": "mark wilio", "email": "test@hotmail.co.uk", "phone_number": "07917644230", "country": "GB", "postcode": "SE145QD", "town_or_city": "London", "street_address1": "32 Hatcham Park Road", "street_address2": null, "county": "London", "date": "2021-10-25T15:01:42.202Z", "delivery_cost": "0.00", "order_total": "0.00", "grand_total": "0.00", "original_bag": "{\"1\": {\"items_by_format\": {\"digital\": 1}}}", "stripe_pid": "pi_3JoUecEguhWZMgzI0UhL4Ikb"}}, {"model": "checkout.order", "pk": 13, "fields": {"order_number": "0C9B443F72614FD897A5555979849695", "user_profile": 1, "full_name": "mark wilio", "email": "test@hotmail.co.uk", "phone_number": "07917644230", "country": "GB", "postcode": "SE145QD", "town_or_city": "London", "street_address1": "32 Hatcham Park Road", "street_address2": null, "county": "London", "date": "2021-10-25T15:02:44.612Z", "delivery_cost": "0.00", "order_total": "0.00", "grand_total": "0.00", "original_bag": "{\"1\": {\"items_by_format\": {\"digital\": 1}}}", "stripe_pid": "pi_3JoUecEguhWZMgzI0UhL4Ikb"}}, {"model": "checkout.order", "pk": 14, "fields": {"order_number": "3B4A8BAE856E4F609CE02A01426CD1FF", "user_profile": 1, "full_name": "Mark Wilkinson", "email": "mark_wilkinson2010@hotmail.co.uk", "phone_number": "07917644230", "country": "GB", "postcode": "SE145QD", "town_or_city": "London", "street_address1": "32 Hatcham Park Road", "street_address2": null, "county": "London", "date": "2021-10-25T15:42:00.011Z", "delivery_cost": "0.00", "order_total": "0.00", "grand_total": "0.00", "original_bag": "{\"2\": {\"items_by_format\": {\"digital\": 3}}}", "stripe_pid": "pi_3JoVISEguhWZMgzI1lqiG7Ri"}}, {"model": "checkout.order", "pk": 15, "fields": {"order_number": "565BB204088E496B8B5A9223EB806BBE", "user_profile": 1, "full_name": "Mark Wilkinson", "email": "mark_wilkinson2010@hotmail.co.uk", "phone_number": "07917644230", "country": "GB", "postcode": "SE145QD", "town_or_city": "London", "street_address1": "32 Hatcham Park Road", "street_address2": null, "county": "London", "date": "2021-10-25T15:43:04.732Z", "delivery_cost": "0.00", "order_total": "0.00", "grand_total": "0.00", "original_bag": "{\"2\": {\"items_by_format\": {\"digital\": 1}}}", "stripe_pid": "pi_3JoVK2EguhWZMgzI1qNczReH"}}, {"model": "checkout.order", "pk": 16, "fields": {"order_number": "3EB00734ED2C4D23B1B5945B88D247AD", "user_profile": 1, "full_name": "Mark Wilkinson", "email": "mark_wilkinson2010@hotmail.co.uk", "phone_number": "07917644230", "country": "GB", "postcode": "SE145QD", "town_or_city": "London", "street_address1": "32 Hatcham Park Road", "street_address2": null, "county": "London", "date": "2021-10-25T15:45:59.642Z", "delivery_cost": "0.00", "order_total": "0.00", "grand_total": "0.00", "original_bag": "{\"1\": {\"items_by_format\": {\"digital\": 1}}}", "stripe_pid": "pi_3JoVMiEguhWZMgzI1jLKvfIL"}}, {"model": "checkout.order", "pk": 17, "fields": {"order_number": "0D21CDFF5B744CA9B5CAE9858874FE97", "user_profile": 1, "full_name": "Mark Wilkinson", "email": "mark_wilkinson2010@hotmail.co.uk", "phone_number": "07917644230", "country": "GB", "postcode": "SE145QD", "town_or_city": "London", "street_address1": "32 Hatcham Park Road", "street_address2": null, "county": "London", "date": "2021-10-25T15:56:31.163Z", "delivery_cost": "0.00", "order_total": "0.00", "grand_total": "0.00", "original_bag": "{\"2\": {\"items_by_format\": {\"digital\": 1}}}", "stripe_pid": "pi_3JoVX3EguhWZMgzI0xREh8sC"}}, {"model": "checkout.order", "pk": 18, "fields": {"order_number": "DB61409562D846EBB85D599E864467C9", "user_profile": 1, "full_name": "Mark Wilkinson", "email": "mark_wilkinson2010@hotmail.co.uk", "phone_number": "07917644230", "country": "GB", "postcode": "SE145QD", "town_or_city": "London", "street_address1": "32 Hatcham Park Road", "street_address2": null, "county": "London", "date": "2021-10-25T15:58:07.546Z", "delivery_cost": "0.00", "order_total": "0.00", "grand_total": "0.00", "original_bag": "{\"2\": {\"items_by_format\": {\"digital\": 1}}}", "stripe_pid": "pi_3JoVYaEguhWZMgzI0dgtL2jp"}}, {"model": "checkout.order", "pk": 19, "fields": {"order_number": "58ECBB652D2A428085F916819C924228", "user_profile": 2, "full_name": "Mark Wilkinson", "email": "mark_wilkinson2010@hotmail.co.uk", "phone_number": "07917644230", "country": "GB", "postcode": "SE145QD", "town_or_city": "London", "street_address1": "32 Hatcham Park Road", "street_address2": null, "county": "London", "date": "2021-10-28T08:49:53.937Z", "delivery_cost": "0.00", "order_total": "2499.00", "grand_total": "2499.00", "original_bag": "{\"23\": 1, \"24\": 1, \"42\": {\"items_by_format\": {\"digital\": 1}}, \"25\": 1, \"31\": 1}", "stripe_pid": "pi_3JpUInEguhWZMgzI1KndsI0J"}}, {"model": "checkout.order", "pk": 20, "fields": {"order_number": "688B7BCEC82E43FF81719316C225FB50", "user_profile": 2, "full_name": "Mark Wilkinson", "email": "mark_wilkinson2010@hotmail.co.uk", "phone_number": "07917644230", "country": "GB", "postcode": "SE145QD", "town_or_city": "London", "street_address1": "32 Hatcham Park Road", "street_address2": null, "county": "London", "date": "2021-10-28T18:40:54.360Z", "delivery_cost": "0.00", "order_total": "428.82", "grand_total": "428.82", "original_bag": "{\"22\": 1, \"12\": 4, \"11\": {\"items_by_format\": {\"12\": 7}}, \"15\": {\"items_by_format\": {\"12\": 1}}, \"14\": {\"items_by_format\": {\"12\": 1}}}", "stripe_pid": "pi_3JpdWlEguhWZMgzI0cmkFKFc"}}, {"model": "checkout.orderlineitem", "pk": 16, "fields": {"order": 19, "product": 23, "product_format": null, "quantity": 1, "lineitem_total": "13.98"}}, {"model": "checkout.orderlineitem", "pk": 17, "fields": {"order": 19, "product": 24, "product_format": null, "quantity": 1, "lineitem_total": "320.00"}}, {"model": "checkout.orderlineitem", "pk": 18, "fields": {"order": 19, "product": 42, "product_format": "digital", "quantity": 1, "lineitem_total": "12.99"}}, {"model": "checkout.orderlineitem", "pk": 19, "fields": {"order": 19, "product": 25, "product_format": null, "quantity": 1, "lineitem_total": "32.99"}}, {"model": "checkout.orderlineitem", "pk": 20, "fields": {"order": 19, "product": 31, "product_format": null, "quantity": 1, "lineitem_total": "2119.04"}}, {"model": "checkout.orderlineitem", "pk": 21, "fields": {"order": 20, "product": 22, "product_format": null, "quantity": 1, "lineitem_total": "29.98"}}, {"model": "checkout.orderlineitem", "pk": 22, "fields": {"order": 20, "product": 12, "product_format": null, "quantity": 4, "lineitem_total": "79.92"}}, {"model": "checkout.orderlineitem", "pk": 23, "fields": {"order": 20, "product": 11, "product_format": "12", "quantity": 7, "lineitem_total": "265.93"}}, {"model": "checkout.orderlineitem", "pk": 24, "fields": {"order": 20, "product": 15, "product_format": "12", "quantity": 1, "lineitem_total": "20.00"}}, {"model": "checkout.orderlineitem", "pk": 25, "fields": {"order": 20, "product": 14, "product_format": "12", "quantity": 1, "lineitem_total": "32.99"}}, {"model": "profiles.userprofile", "pk": 1, "fields": {"user": 2, "default_phone_number": "07917644230", "default_street_address1": "32 Hatcham Park Road", "default_street_address2": null, "default_town_or_city": "London", "default_county": "London", "default_postcode": "SE145QD", "default_country": "GB"}}, {"model": "profiles.userprofile", "pk": 2, "fields": {"user": 3, "default_phone_number": "07917644230", "default_street_address1": "32 Hatcham Park Road", "default_street_address2": null, "default_town_or_city": "London", "default_county": "London", "default_postcode": "SE145QD", "default_country": "GB"}}, {"model": "profiles.userprofile", "pk": 3, "fields": {"user": 4, "default_phone_number": null, "default_street_address1": null, "default_street_address2": null, "default_town_or_city": null, "default_county": null, "default_postcode": null, "default_country": null}}, {"model": "profiles.userprofile", "pk": 4, "fields": {"user": 5, "default_phone_number": null, "default_street_address1": null, "default_street_address2": null, "default_town_or_city": null, "default_county": null, "default_postcode": null, "default_country": null}}, {"model": "profiles.userprofile", "pk": 5, "fields": {"user": 6, "default_phone_number": null, "default_street_address1": null, "default_street_address2": null, "default_town_or_city": null, "default_county": null, "default_postcode": null, "default_country": null}}, {"model": "profiles.userprofile", "pk": 6, "fields": {"user": 7, "default_phone_number": null, "default_street_address1": null, "default_street_address2": null, "default_town_or_city": null, "default_county": null, "default_postcode": null, "default_country": null}}, {"model": "profiles.userprofile", "pk": 7, "fields": {"user": 8, "default_phone_number": null, "default_street_address1": null, "default_street_address2": null, "default_town_or_city": null, "default_county": null, "default_postcode": null, "default_country": null}}, {"model": "mailing_list.mailinglist", "pk": 1, "fields": {"email": "yilono1780@ateampc.com", "date_added": "2021-10-27"}}, {"model": "mailing_list.mailinglist", "pk": 2, "fields": {"email": "s0700189@ndonline.ac.uk", "date_added": "2021-10-27"}}, {"model": "mailing_list.mailinglist", "pk": 3, "fields": {"email": "mark@hotmail.com", "date_added": "2021-10-28"}}]